title,authors,summaries,page
Báró Podmaniczky Pál és a norvég Biblia: Elbeszélés a 18 nyelvü nagyapáról 77 nyelven és rovásírással,"Kutas, Ilona","""Báró Podmaniczky Pál és a norvég Biblia"" by Ilona Kutas is a multilingual short story and personal narrative that was likely written in the late 20th century. The book reflects on the author's experiences with language, drawing parallels between their exploration of a bilingual Bible and their familial roots, specifically focusing on the legacy of her grandfather, a theological professor fluent in eighteen languages. The narrative weaves together themes of language, culture, and personal growth through its exploration of the significance of a Bible found during a trip to Norway.  In the story, Kutas recounts her emotional journey as she encounters a bilingual Bible in her hotel room in Oslo, which rekindles her childhood memories and connection to her grandfather. As she reads and engages with the text, she finds herself grappling with a moral dilemma when the desire to keep the Bible leads her to consider the act of theft. Through this internal conflict, she reflects on her faith, upbringing, and the importance of her grandfather's teachings. Ultimately, the book serves as a celebration of friendship and cultural exchange, culminating in Kutas’ desire to translate her short story into multiple languages to strengthen those connections. The narrative showcases not just a love for languages but also the bonds that tie people together across different cultures and backgrounds. (This is an automatically generated summary.)",1
"Emil, vagy a nevelésről","Rousseau, Jean-Jacques","""Emil, vagy a nevelésről"" by Jean-Jacques Rousseau is a treatise written in 1762. This groundbreaking work explores how individuals might preserve their natural goodness while living in corrupt society. Through the story of a boy named Emile and his tutor, Rousseau outlines an educational system from infancy through adolescence, addressing physical development, sensory learning, and moral sentiment. The book sparked controversy and was publicly burned for its religious content, yet it profoundly influenced educational reforms in France and America. (This is an automatically generated summary.)",1
"Magyar regék, mondák és népmesék","Mailáth, János Nepomuk Jozsef, gróf","""Magyar regék, mondák és népmesék"" by gróf János Nepomuk Jozsef Mailáth is a collection of Hungarian folk tales and legends written in the mid-19th century. The work seeks to explore Hungarian cultural narratives through a selection of poetry and storytelling that reflects the rich folklore tradition of the nation. The book is likely to appeal to readers interested in folklore, mythology, and the historical tales that shape cultural identity.  The opening of the text provides a personal context, wherein the author, speaking to his daughter Henriette, expresses a wish to share his heartfelt creations with her. He hopes that the stories he tells will convey the glorious memories and virtues of their homeland, intertwining personal sentiment with national pride. The sections that follow include reflections on historical figures, such as King Salamon, and the unfolding of dramatic events that mix legend with history, setting the stage for a deeply emotional journey through Hungary's past. The narrative seems structured to combine poetic storytelling with actual historical references, effectively merging the two realms from the very beginning. (This is an automatically generated summary.)",1
"Ázsiai titkok, ázsiai emberek = $b Man and mistery in Asia","Ossendowski, Ferdynand Antoni","""Ázsiai titkok, ázsiai emberek = Man and mistery in Asia"" by Ossendowski is a historical travel account written in the early 20th century. The book explores the remote and mysterious regions of Northern and Central Asia, delving into lesser-known landscapes, people, and customs. Its primary focus seems to be on the author's scientific and exploratory journeys before major global conflicts and revolutions altered the region. Through vivid descriptions and anecdotal stories, readers are introduced to the unique natural and human mysteries of Asia.  The opening of the book begins with an introduction that contextualizes Ossendowski's travels as preceding his more famous narrative about escaping the Bolsheviks, highlighting scientific expeditions across Siberia and Mongolia. The narrative launches with detailed impressions of the Yenisei River and the surrounding landscapes, touching on the lives and legends of local Tatars, experiences with scientific exploration (such as analyzing the mysterious and changing Bitter Lake), and encounters with both wildlife and the area's nomadic peoples. Early chapters introduce memorable episodes: the plight of a young Tatar woman escaping an abusive marriage, harrowing personal accounts of fugitive convicts, and observations of rare fauna and flora. The stories weave together natural history, local myths, and dramatic human experiences, immersing the reader in a world of danger, beauty, and cultural complexity unique to the Asian interior. (This is an automatically generated summary.)",1
Petőfi Sándor összes költeményei: Hazai művészek rajzaival díszített negyedik népies kiadás,"Petőfi, Sándor","""Petőfi Sándor összes költeményei"" by Sándor Petőfi is a collection of poems written in the mid-19th century. This work showcases the literary brilliance of Petőfi, a prominent Hungarian poet known for his passionate verses that often revolve around themes of love, freedom, and national identity. Through his evocative language and profound exploration of human emotions, Petőfi's poetry captures the spirit of Hungarian culture and the aspirations of his time.  The opening portion of the collection introduces a narrative poem titled ""János Vitéz,"" which follows the adventures of a shepherd boy named János and his beloved, Iluska. The verses describe their youthful love against a vibrant pastoral backdrop, filled with imagery of nature and rural life. However, their lives are disrupted by misfortune and separation, driving János to seek his fortune and face various challenges, including battles and adventures, all for the sake of reuniting with Iluska. This section establishes the emotional depth and storytelling quality that characterize Petőfi's poetry, inviting readers to delve further into the world of these vividly drawn characters. (This is an automatically generated summary.)",1
Elegyes gyüjtések Magyarország és Erdély különböző részeiből;: Magyar népköltési gyüjtemény 1. kötet,,"""Elegyes gyüjtések Magyarország és Erdély különböző részeiből"" by Arany and Gyulai is a collection of Hungarian folk poetry compiled in the late 19th century. The work serves as an anthology of folk traditions, drawing on various regional texts and contributions from collectors who aimed to preserve the rich cultural heritage of Hungary and Transylvania. The book likely includes a range of narratives, ballads, and songs that reflect the oral storytelling traditions of these regions.  The opening of this collection provides insight into its editorial process, as the authors recount the establishment of their project by the Kisfaludy Society and the collaborative efforts with various contributors. It highlights the challenges faced in gathering and publishing folk materials, alongside the commitment of the editors to maintain the authenticity of the original works while also providing some context and annotations. The inaugural volume appears to include a diverse array of genres, setting the stage for a rich exploration of Hungarian folklore and cultural identity as expressed through poetry and storytelling. (This is an automatically generated summary.)",1
Magyar népdalok (Magyar remekirók 54. kötet),"Endrődi, Sándor","""Magyar népdalok"" by Sándor Endrődi is a collection of Hungarian folk songs compiled and edited in the early 20th century. This work serves as a showcase of the rich tradition of Hungarian folk poetry, emphasizing the cultural significance and emotional depth of the songs drawn from the nation's heritage. The collection likely reflects a specific period of literary revival and appreciation for folk origins in Hungarian culture, particularly around the time it was published.  The opening of the collection introduces the significance of folk poetry in preserving the essence of the Hungarian spirit, presenting a passionate argument for the importance of this art form as a reflection of national identity. Endrődi shares insights about the folk songs, noting their authenticity, emotional resonance, and connection to the peasantry, which is often overlooked by contemporary writers. The introduction is followed by an array of folk songs, beginning with themes of love and longing, illustrating the depth of feeling embedded in these traditional pieces while also affirming the vital role they play in the fabric of Hungarian culture and literature. (This is an automatically generated summary.)",1
Modern költők: Külföldi antológia a költők arcképeivel,,"""Modern költők: Külföldi antológia a költők arcképeivel"" by Dezső Kosztolányi is a collection of poetry anthologies written in the early 20th century. This work features translations and interpretations of the works of various international poets, examining the essence of what Kosztolányi refers to as ""modern lyric."" The anthology presents both historical and contemporary figures in poetry, highlighting the common threads of human emotion that connect them across different cultures and languages.  The opening of the work introduces the concept of modern lyric poetry, suggesting that its essence is better felt than articulated. Kosztolányi reflects on the evolution of Hungarian literature and the struggles that have shaped the contemporary poetic landscape over the past decade. He expresses the belief that poetry transcends linguistic barriers, allowing individuals to connect with its themes on a universal level, likening it to music. The text sets the stage for a collection that aims to unite a diverse range of poetic voices, both through his translations and the unique qualities of each poet featured, weaving a rich tapestry of human experience and artistic expression. (This is an automatically generated summary.)",1
A magyar nép művészete (1. kötet): A kalotaszegi magyar nép művészete,"Malonyay, Dezső","""A magyar nép művészete (1. kötet)"" by Dezső Malonyay is a collection of scholarly works focused on Hungarian folk art, written in the early 20th century. This text serves as a comprehensive exploration of the artistic expressions found within various Hungarian communities, particularly examining the cultural and aesthetic significance of folk art and its roots in national identity.   The opening of the work introduces the reader to the author's objective of documenting and preserving the unique artistic expressions found within Hungarian folk culture. Malonyay emphasizes the importance of national identity and the inherent creativity of the Hungarian people, advocating for the need to explore the rich tapestry of folk art that resonates with the spirit of the nation. He reflects on how these artistic expressions have waned under modern influences and stresses the urgency of capturing and appreciating the artistic heritage before it fades away entirely. The text is positioned as a heartfelt invitation to acknowledge and celebrate the vibrant manifestations of Hungarian folk creativity, inviting readers to partake in the examination of folk art's significance as a vital aspect of national culture. (This is an automatically generated summary.)",1
Bálványos-vár: Történeti regény,"Jókai, Mór","""Bálványos-vár: Történeti regény"" by Mór Jókai is a historical novel written in the late 19th century. The narrative likely explores themes of freedom and cultural identity through the lens of the Székely people, focusing on their relationship with neighboring kun tribes during a time of political and social change in Hungary. It introduces readers to significant characters such as Mike Sára, a strong-willed Székely woman, and Kuthen, a kun leader, as they encounter challenges related to leadership, tradition, and the evolving social landscape.  The opening of the novel sets a rich historical context, beginning with a description of the Székely nation’s long-standing autonomy and their unique customs, including their roles as fierce protectors of their territory. It vividly describes the imposing Fergetyűvár, a rotating fortress signaling messages through its windows, showing the military ingenuity of the Székelys. As the narrative unfolds, tensions arise with the arrival of kun tribes seeking passage through Székely lands. Mike Sára emerges as a pivotal character, negotiating a peace treaty with Kuthen while asserting her people's rights and identity. The complexities of their interactions hint at themes of camaraderie, strife, and the struggle for cultural preservation amidst external pressures. (This is an automatically generated summary.)",1
Török világ Magyarországon (1. rész): Történeti regény,"Jókai, Mór","“Török világ Magyarországon (1. rész)” by Mór Jókai is a historical novel written in the late 19th century. The story unfolds during a tumultuous period in Hungary, particularly in Transylvania, showcasing the societal and political upheaval of the era. The narrative focuses on various characters, including a wise prince, a clever and charismatic Hungarian gentleman, and other figures caught in the complex web of allegiances and conflicts during the Turkish influence in the region.  The opening of the novel sets the stage by describing a serene summer night in Cluj, where the prince, Apafi, is captivated by the wonders of astronomy. Accompanied by his court advisors, he becomes intrigued by mysterious cosmic phenomena that disrupt the night's tranquility. As rumors of strange events spread among the townsfolk, the narrative hints at deeper societal tensions and spiritual unease, reflecting a period marked by superstition and prophetic fears. Jókai introduces a variety of characters, including wise priests and clever townspeople, who engage in discussions about omens and the nature of good and evil, foreshadowing the challenges that lie ahead for the inhabitants of this volatile time. (This is an automatically generated summary.)",1
Arany mesekönyv : $b A világ legszebb meséi,"Benedek, Elek",,1
Ipolyi Arnold népmesegyüjteménye; Magyar népköltési gyüjtemény 13. kötet,"Ipolyi, Arnold","""Ipolyi Arnold népmesegyüjteménye; Magyar népköltési gyüjtemény 13. kötet"" by Ipolyi is a collection of Hungarian folk tales compiled in the early 20th century. The work serves as an anthology of traditional narratives, drawing upon the rich reservoir of Hungarian folklore, including myths and fables that reflect the cultural values and beliefs of the time. This compilation is part of a broader movement to preserve national literature and heritage during a period of growing interest in folklore studies.  At the start of the collection, the reader is introduced to a variety of folk stories, beginning with the tale of ""Csonkatehén fija,"" which follows the journey of a character born of a unique mother. This narrative illustrates themes of strength, friendship, and adventure as the protagonist encounters various figures like the Fagörbítő (Wood Bender) and engages in contests of strength. The opening reveals a focus on collective narratives where characters unite to confront challenges, showcasing the values of camaraderie and collective effort within Hungarian folklore. Through these stories, the rich tapestry of mythical beings, trials, and moral lessons emerge, setting the stage for a deeper exploration of the tales that follow. (This is an automatically generated summary.)",1
Don Quijote de la Mancha,"Cervantes Saavedra, Miguel de","""Don Quijote de la Mancha"" by Miguel de Cervantes Saavedra is a Spanish novel published in two parts in 1605 and 1615. A minor nobleman reads so many chivalric romances that he loses his sanity and decides to become a wandering knight. Renaming himself Don Quixote, he recruits a simple farm laborer, Sancho Panza, as his squire. Together they embark on adventures where Don Quixote's delusions transform windmills into giants and inns into castles, blurring the line between fantasy and reality in this founding work of modern literature. (This is an automatically generated summary.)",1
"A jövő század regénye, 1. rész","Jókai, Mór","""A jövő század regénye, 1. rész"" by Mór Jókai is a novel first published in 1872.

Set between 1952 and 2000, this visionary work imagines a future where Hungary faces invasion from an expansionist Russian state called Nihil. A brilliant inventor named Tatrangi Dávid creates revolutionary technologies—flying machines and a miraculous material called ichor—to defend his homeland. When forced into exile at the Danube Delta, he establishes a utopian society that transforms global politics through technological advancement. The narrative blends military conflict with bold predictions about aviation, diplomacy, and international power struggles. (This is an automatically generated summary.)",1
Életemből (II. rész): Igaz történetek. Örök emlékek. Humor. Utleirás.,"Jókai, Mór","""Életemből (II. rész)"" by Mór Jókai is a historical account written in the late 19th century. This work serves as a collection of true stories, memories, humor, and travel writing, reflecting on the experiences and events from the author’s life, particularly within the context of Hungarian history and society. Jókai’s narrative aims to capture the essence of heroism, patriotism, and the struggles faced during tumultuous periods in Hungary.  At the start of the work, the reader is thrust into the chaos of war. The narrative opens with a vivid depiction of a lost battle at Tápióbicske, where Austrian forces are engaged in a fierce conflict against Hungarian troops. The story highlights a duel between two brave cavalry leaders, Sebő, the Hungarian commander, and Riedesel, his Austrian counterpart. Their fierce hand-to-hand battle symbolizes the broader struggle for national pride and survival amidst overwhelming odds. The portrayal of these characters sets the stage for a reflection on courage and the collective spirit of the defenders of Hungary as they face adversity in the name of their homeland. (This is an automatically generated summary.)",1
Michelangelo élete,"Rolland, Romain",,1
Csongrádmegyei gyüjtés; Magyar népköltési gyüjtemény 2. kötet,"Török, Károly","""Csongrádmegyei gyüjtés; Magyar népköltési gyüjtemény 2. kötet"" by Károly Török is a collection of Hungarian folk poetry and songs compiled in the late 19th century. This volume represents regional folk traditions, primarily focusing on the cultural heritage of Csongrád County. It encompasses an array of ballads, songs, and folk tales, aiming to preserve and share the rich oral traditions of Hungarian culture.  The opening of the collection introduces the context and purpose of the compilation, emphasizing the tireless efforts of the collector, Károly Török, who dedicated his work to the Kisfaludy Society. It outlines the variety of content within the anthology, such as ballads, love songs, and tales that reflect the regional flavors and shared heritage found throughout Csongrád County. The foreword expresses hope for similar collections from other regions, reinforcing the value of folk traditions in maintaining cultural identity and continuity. (This is an automatically generated summary.)",1
Jocus és Momus,"Jókai, Mór","""Jocus és Momus"" by Mór Jókai is a novel written in the late 19th century. The book appears to explore themes of social life and human quirks through a series of humorous anecdotes involving various characters. It reflects on societal issues, combining lighthearted storytelling with a critique of human behavior, centered around notable figures in Hungarian culture and politics.  The opening of the novel introduces several characters, beginning with Ferencz, an amiable emperor often seen walking the streets of Vienna where he is met with great respect from the public. The narrative then shifts to a clever exchange involving Ferencz and old Tolnay, showcasing their interactions with humor and social commentary. Following this, attention is drawn to the local tavern and its patrons, setting a vibrant scene filled with whimsy. Overall, the beginning effectively immerses the reader in a world of colorful characters and witty dialogues, hinting at the broader social dynamics that will unfold throughout the story. (This is an automatically generated summary.)",1
Kenyér és bor: új versek,"Kosztolányi, Dezső","""Kenyér és bor: új versek"" by Dezső Kosztolányi is a collection of poetry written in the early 20th century. The poems reflect on themes of life, love, loss, and the passage of time, intertwining personal experience with broader societal observations. Kosztolányi's work is marked by a deep sense of melancholy and introspection, delving into the human condition and the emotional landscape of existence.  The opening portion of the collection introduces readers to a range of poignant emotions and thoughts. It begins with a dedication to a friend and artist, establishing a personal connection. The first poem evokes feelings of contentment mixed with underlying sorrow, as the speaker reflects on material abundance yet struggles with existential questions. As the verses progress, Kosztolányi explores love, mortality, and memories of youth with vivid imagery and lyrical language. The themes of longing and nostalgia emerge strongly, setting the stage for deeper explorations in the rest of the collection. (This is an automatically generated summary.)",1
Székelyföldi gyüjtés; Magyar népköltési gyüjtemény 3. kötet,"Benedek, Elek, Kriza, János, Orbán, Balázs, Sebesi, Jób","""Székelyföldi gyüjtés; Magyar népköltési gyüjtemény 3. kötet"" by János Kriza et al. is a collection of traditional Hungarian folk poetry and tales written in the late 19th century. This volume is the third in a series published under the auspices of the Kisfaludy Society and consists mainly of folk ballads, songs, and stories gathered from various contributors, reflecting the cultural heritage of the Székely region. The book likely appeals to readers interested in Hungarian folklore, history, and cultural traditions.  The opening of the collection includes a foreword that introduces the compilation's purpose and the contributors involved in its creation. It explains that the material has been curated from the works of notable folk collectors like János Kriza, Balázs Orbán, and Elek Benedek, highlighting the importance of preserving and celebrating folk traditions. The foreword sets a tone of gratitude and enthusiasm for the contributions of both the collectors and the readers, inviting the appreciation of Hungarian folk literature. It also notes the inclusion of various thematic elements within the collection, such as ballads of love and heroism, setting the stage for the rich tapestry of stories and songs that follow. (This is an automatically generated summary.)",1
Szegény gazdagok: Regény,"Jókai, Mór","""Szegény gazdagok: Regény"" by Mór Jókai is a novel written in 1860. The story interweaves the tale of a masked bandit called Fatia Negra with that of a wealthy moneylending family. When young Henriette is forced into marriage with the mysterious Baron Hátszegi despite her love for another, dark secrets begin to surface. The baron's unexplained disappearances, a counterfeiting ring hidden in mountain caves, and dangerous jealousies converge in this tale of coercion, hidden identities, and forbidden romance. (This is an automatically generated summary.)",1
Degré Alajos novellái (2. kötet),"Degré, Alajos","""Degré Alajos novellái (2. kötet)"" by Alajos Degré is a collection of short stories written in the mid-19th century. The work presents various narratives exploring themes of love, ambition, and the complexities of personal relationships, often with a humorous touch. Readers are introduced to a range of characters grappling with social expectations and personal desires in their pursuit of happiness and recognition.  The opening portion of the collection introduces two main characters, Ledéry Otto and Verebesy Imre, who engage in a conversation about their regrets over missed opportunities, particularly relating to wealth and marriage. Otto laments his unmarried status at twenty-seven while pondering his past decisions, and this sparks a discussion on the prospects of love. As their friend prepares to propose to a wealthy woman, the dynamics of friendship, ambition, and social status play out, setting the stage for the humorous and poignant situations that characterize the stories to come. The narrative captures their personalities and societal pressures, creating a relatable foundation for the explorations that follow in the collection. (This is an automatically generated summary.)",1
"A jövő század regénye, 2. rész","Jókai, Mór","""A jövő század regénye, 2. rész"" by Mór Jókai is a novel serialized beginning in 1872. Set between 1952 and 2000, this unconventional work imagines a future where the Hungarian-centered Monarchy faces invasion from an expansionist anarchist state called Nihil. Inventor Tatrangi Dávid's revolutionary technologies—including flying machines and a volcanic material called ichor—become crucial in defending against aggression. The narrative shifts from dystopian warfare to utopian peace as diplomatic and military victories reshape global politics, though the novel's ambitious scope remains debated by literary scholars. (This is an automatically generated summary.)",1
Gaal György magyar népmese-gyűjteménye (3. kötet),"Gaal, György","""Gaal György magyar népmese-gyűjteménye (3. kötet)"" by György Gaal is a collection of Hungarian folktales published in the mid-19th century. This volume serves as the third part of a series that seeks to preserve and present traditional Hungarian stories, reflecting the culture and values of the time. The work is likely characterized by its rich narrative style and moral lessons, typical of folk literature.  The opening of this collection features a brief introduction by the publishers and outlines the various tales included in the volume. It highlights the importance of preserving national stories and introduces a few specific folktales, each beginning with colorful and imaginative premises, such as encounters with magical beings and princes embarking on adventurous quests. The stories promise to be filled with themes of courage, cleverness, and the struggles between good and evil, inviting readers into the enchanting world of Hungarian folklore. (This is an automatically generated summary.)",1
Zágoni Mikes Kelemen törökországi levelei (2. kötet),"Mikes, Kelemen","""Zágoni Mikes Kelemen törökországi levelei (2. kötet)"" by Kelemen Mikes is a collection of fictional letters written between 1717 and 1758. This second volume continues Mikes's correspondence to an invented countess, written during his exile in Ottoman Turkey following the failed Rákóczi uprising. The letters chronicle the daily struggles of Hungarian exiles in Rodosto, weaving together personal emotional reflections, historical accounts, anecdotes, and descriptions of Turkish customs. Through a conversational style marked by humor and melancholy, Mikes captures the fading hopes of return and eventual resignation to fate. (This is an automatically generated summary.)",1
Népmesék Heves- és Jász-Nagykun-Szolnok-megyéből; Magyar népköltési gyüjtemény 9. kötet,"Berze Nagy, János","""Népmesék Heves- és Jász-Nagykun-Szolnok-megyéből; Magyar népköltési gyüjtemény"" is a collection of Hungarian folk tales edited by Vargha Gyula, published in the early 20th century. This anthology contains traditional stories primarily gathered from the region of Heves County, focusing on a village called Besenyőtelek, and highlights the narrative techniques and cultural significance of these folk tales. The book aims to preserve and celebrate the rich oral storytelling tradition of the Hungarian people, providing both entertainment and insight into their cultural heritage.  At the start of the collection, the preface details the unique qualities of the stories, focusing on the abundance of folk tales collected from a single village, which was uncommon in previous collections. The opening portion introduces several tales featuring common folklore motifs, such as heroes facing mythical creatures, often involving three brothers and various magical challenges. In particular, the first story outlines the journey of three brothers as they embark on a quest, encountering magical beings and overcoming obstacles in their pursuit of love and heroism, embodying the classic structure of Hungarian folk narratives where cunning and bravery prevail. (This is an automatically generated summary.)",1
Egy naplopó tünődései,"Jerome, Jerome K. (Jerome Klapka)","""Egy naplopó tünődései"" by Jerome K. Jerome is a collection of humorous essays published in 1886. This work features fourteen independent articles exploring everyday topics from idleness and love to cats, babies, and memory. Written in Jerome's characteristic witty style, these reflections on ordinary life helped establish him as a leading English humorist. The essays offer playful observations on human nature and daily experiences, presenting the author's lighthearted philosophy on everything from being hard up to the peculiarities of furnished apartments. (This is an automatically generated summary.)",1
A láthatatlan ember: Regény,"Gárdonyi, Géza","""A láthatatlan ember: Regény"" by Géza Gárdonyi is a novel published in 1902. Set in the 5th century, it follows Zéta, a Greek slave who travels with his master to Attila the Hun's city along the Tisza River. When Zéta glimpses a Hun maiden named Emőke, he falls desperately in love and voluntarily becomes her father's servant to stay near her. Through battles, plagues, and Attila's death, Zéta's journey becomes one of adventure, devotion, and ultimately unexpected transformation in a world of empires and warfare. (This is an automatically generated summary.)",1
Édes anyaföldem! : Egy nép s egy ember története (2. kötet),"Benedek, Elek","""Édes anyaföldem! : Egy nép s egy ember története (2. kötet)"" by Elek Benedek is a literary work focusing on Hungarian history and culture, likely written in the early 20th century. The narrative explores themes of identity, belonging, and the deep connection one has with their homeland, particularly through the eyes of the protagonist, who seems to undergo a journey both physically and emotionally.   At the start of the narrative, the protagonist, referred to as the ""prodigal son,"" reflects on his past struggles and a newfound appreciation for life as he travels towards Pest, filled with hope and dreams. This journey coincides with the joyful celebration of Easter, symbolizing a personal resurrection and renewed purpose. He encounters old friends and contemplates his relationship with writing and literature, expressing a desire to honor his father's legacy through his work. The opening portrays a vivid tapestry of his memories and aspirations, alongside his observations of the Hungarian landscape, setting the tone for themes of heritage and the importance of roots in subsequent chapters. (This is an automatically generated summary.)",1
A Pál-utcai fiúk: Regény kis diákok számára,"Molnár, Ferenc","""A Pál-utcai fiúk: Regény kis diákok számára"" by Ferenc Molnár is a novel first published in 1906. Set in Budapest in March 1889, it follows two rival gangs of schoolboys—the Pál Street Boys and the Red-Shirts—battling for control of their beloved playground, the ""grund."" At the center stands Nemecsek Ernő, a small, blond boy often underestimated by his peers, whose courage and loyalty will determine the outcome. This tale of childhood honor, betrayal, and sacrifice has become Hungary's most internationally celebrated novel. (This is an automatically generated summary.)",1
Székelyföldi gyüjtés; Magyar népköltési gyüjtemény 7. kötet,"Mailand, Oszkár","""Székelyföldi gyűjtés; Magyar népköltési gyűjtemény 7. kötet"" by Oszkár Mailand is a collection of folk songs and traditional tales written in the early 20th century. The work aims to preserve the nearly extinct native expressions of the Székely people, highlighting the richness of their cultural heritage amidst the influences of modernization and other ethnicities. Mailand's collection serves as a critical artifact reflecting the folk spirit and poetic expression of the Székely community.  The opening of this volume provides an introduction to the motivations behind the collection, detailing how the Kisfaludy Society commissioned Mailand to gather folk songs and traditions from the Székely population to prevent their disappearance. It reveals Mailand’s concerns about outside influences, particularly from the Romanian culture, which has gradually seeped into Székely traditions. He begins his fieldwork passionately, emphasizing the importance of capturing the pure essence of Székely folklore before it fades due to external pressures. Amidst his findings, he documents real-life accounts, expressions, and details of the people he encounters during his collection efforts. (This is an automatically generated summary.)",1
"Állatok, emberek és istenek = $b Beasts, men and gods","Ossendowski, Ferdynand Antoni","""Állatok, emberek és istenek"" (Beasts, Men and Gods) by Ferdynand Antoni Ossendowski is a historical account written in the early 20th century. The book chronicles the author's extraordinary escape from revolutionary Russia through Siberia, Mongolia, and Tibet, offering a unique perspective on political upheaval, cultural encounters, and personal survival in times of chaos. It centers on Ossendowski’s perilous journey as he flees the Bolsheviks, highlighting both the harsh realities of the landscape and the people—friends, enemies, and mysterious strangers—he encounters along the way.  The opening of the book introduces us to Ossendowski’s life in Krasnoyarsk, Siberia during the Russian Revolution, where immediate danger forces him to flee into the Siberian wilderness. He describes his desperate escape from Bolshevik soldiers, surviving in the taiga with the help of an enigmatic companion named Ivan. Through encounters with danger, harsh weather, wild animals, and strangers whose motivations are unclear, Ossendowski adapts to a solitary life in nature, punctuated by reflections on both human brutality and resilience. His journey shifts from basic survival—hunting, fishing, building shelter—to navigating war-torn lands, passing through hostile villages and negotiating with suspicious officials. The narrative paints a vivid picture of both the daunting landscapes and the constant threat of violence, setting the stage for a larger exploration of the intersection between civilization, wilderness, and the human spirit. (This is an automatically generated summary.)",2
Egy haditudósító emlékei : $b 1914 november - 1915 november,"Molnár, Ferenc","""Egy haditudósító emlékei: 1914 november - 1915 november"" by Ferenc Molnár is a historical account written in the early 20th century. The narrative chronicles the experiences of a war correspondent during World War I, capturing the tumultuous atmosphere of the time along with personal observations from the front lines. The book not only documents the events of the war but also delves into the emotions and struggles faced by those involved.  The opening of this work sets the scene in Budapest during a hot summer's day, leading into an unexpected tension as rumors of impending war swirl around the characters. The narrator provides vivid descriptions of the oppressive heat, the mundane chatter of café patrons, and the palpable sense of anticipation in the air. As news of the crisis unfolds, the protagonist reflects on the dramatic shift from a peaceful life to the reality of conflict, painting a picture of the chaotic yet deeply human experiences during this troubling time. The narrative style blends sensory details with a philosophical awareness, hinting at the transformation the war will bring to society and personal lives alike. (This is an automatically generated summary.)",2
A vörös regina: regény,"Abonyi, Árpád","""A vörös regina: regény"" by Árpád Abonyi is a novel written in the early 20th century. The story begins in 1914 and follows the life of a reluctant soldier, who, after being called up to service, leaves behind his isolated life in the forests to face the realities and chaos of war. The narrative focuses on his experiences as he grapples with the loss of solitude and the complexities of camaraderie in the military.  The opening of the book presents the protagonist bidding farewell to his quiet life in a remote forest lodge as he prepares to join his regiment at the outbreak of World War I. He reflects on his solitary existence and the simplicity of life in the woods, contrasting it with the bustling and vibrant scene in the city as he arrives for enlistment. The narrative captures his mixed feelings of resignation and curiosity about the impending journey, along with a sense of duty that drives him forward despite the challenges ahead. As he transitions from his familiar surroundings into the unknowns of military life, the tone hints at deeper themes of camaraderie and the stark realities of war that will unfold as the story progresses. (This is an automatically generated summary.)",2
Nippon-ország naposkertje : $b Japán népmesék,"Kúnos, Ignácz","""Nippon-ország naposkertje: Japán népmesék"" by Kúnos Ignác is a collection of Japanese folk tales written in the early 20th century. This volume features a rich tapestry of narratives that showcase unique characters and moral lessons, often touched with elements of magic and adventure. The stories take readers deep into the essence of Japanese folklore, presenting various themes including bravery, friendship, and the consequences of greed.  The opening of this collection introduces readers to the enchanting world of Japan through vivid and lyrical illustrations of nature, establishing a magical ambiance. The initial tales focus on whimsical characters such as frogs and mystical creatures, highlighting their adventures and interactions that reveal deeper life truths. For instance, two frogs from Tokyo and Kyoto set off on a journey to meet each other, only to comically discover they had both dreamed of the same adventure. Other stories, such as that of Momotaro, explore themes of bravery, strength, and the importance of companionship in the face of challenges, setting the stage for a delightful exploration of Japan's rich narrative tradition. (This is an automatically generated summary.)",2
Légy jó mindhalálig,"Móricz, Zsigmond","""Légy jó mindhalálig"" by Zsigmond Móricz is a novel set in 1892. Eleven-year-old Misi Nyilas, a top student at a Reformed college in Debrecen, comes from an impoverished family but earns respect through his intelligence and integrity. When he loses a lottery receipt entrusted to him, the honest boy becomes trapped in a web of lies and adult intrigues. Facing a tribunal that threatens to destroy him, Misi confronts human cruelty and injustice while clinging to his belief in goodness. (This is an automatically generated summary.)",2
Az angol irodalom története,"Voinovich, Géza","""Az angol irodalom története"" by Géza Voinovich is a historical account written in the early 20th century. The book provides a comprehensive overview of the development of English literature from its earliest beginnings through significant literary periods, highlighting notable authors and their contributions. It serves as an exploration of the evolution of English literary forms and themes, including poetry, prose, and drama.  The opening of the work introduces the subject matter, focusing initially on the ancient and early medieval phases of English literature. Voinovich discusses the cultural context post-Roman occupation, referencing the influence of Celtic tribes and the introduction of Christianity. He emphasizes the significance of seminal works such as ""Beowulf"" and the transitions from pagan to Christian literature, setting the stage for a broader examination of literary movements, key figures, and the societal changes that shaped English literary traditions. The foundation laid in this opening signals the depth of analysis the book promises in exploring the dynamic history of English literature. (This is an automatically generated summary.)",2
Mire megvénülünk (1. kötet),"Jókai, Mór","""Mire megvénülünk"" by Mór Jókai is a novel written in the late 19th century. The story revolves around the intertwined lives of a family struggling with joy and tragic loss, particularly focusing on a young boy named Dezső and his deep bond with his older brother, Loránd. As the narrative unfolds, the family faces a harrowing tragedy that threatens to pull them apart, highlighting themes of love, grief, and the complexities of familial relationships.   At the start of the novel, we are introduced to Dezső's idyllic childhood, filled with love and happiness within a close-knit family that includes his parents, grandmother, and brother. This blissful existence is shattered when their father suddenly dies, leading to a profound sense of confusion and despair, particularly for the young Dezső. He grapples with the concept of death, unable to fully comprehend the permanence of loss while sharing poignant moments with Loránd, who has taken on the role of protector and comforter amid the tragedy. The opening sets a poignant tone, establishing deep emotional stakes as it slowly transitions from innocence to the harsh realities of life and death. (This is an automatically generated summary.)",2
Különféle magyarok meg egyéb népek,"Tömörkény, István","""Különféle magyarok meg egyéb népek"" by István Tömörkény is a collection of short stories written in the early 20th century. The work paints a vivid picture of various aspects of Hungarian life and culture through engaging narratives and relatable characters. The stories reflect the challenges, humor, and traditions of rural communities in Hungary.  The opening of the collection introduces readers to a particular tale involving a milkman and his horse named Bársony, which has served him faithfully for six years. As the horse falls ill, both the milkman and his wife grapple with the potential loss and financial implications of its demise. The narrative takes a humorous turn as it explores the quirky dynamics between the couple, their financial struggles, and the townspeople's reactions. The scenes set a tone of both lightheartedness and poignancy, establishing Tömörkény's ability to weave social commentary into his storytelling from the very start. (This is an automatically generated summary.)",2
Népdalok és mondák (1. kötet); Magyar népköltési gyüjtemény,"Erdélyi, János","""Népdalok és mondák (1. kötet); Magyar népköltési gyüjtemény"" by János Erdélyi is a collection of folk songs and tales compiled in the mid-19th century. This work brings together various pieces of Hungarian oral tradition, emphasizing the cultural and historical significance of the country's folk poetry. The collection is likely aimed at preserving the richness of Hungarian folklore by documenting songs that span themes of love, nature, and social life.  The opening of the volume presents a comprehensive preface that outlines the motivations behind the collection of Hungarian folk poetry. Erdélyi reflects on prior efforts to gather folk songs, noting the necessity to maintain their authenticity and cultural value in the face of fading traditions. The text suggests a collaborative effort with contributions from local scholars and enthusiasts, revealing the collective endeavor to safeguard these folk expressions. Additionally, the first section introduces a series of love songs that poignantly convey the emotional landscape of Hungarian romantic relationships, setting the stage for the lyrical exploration of the genre throughout the volume. (This is an automatically generated summary.)",2
Megtörtént regék: Beszélyek,"Jókai, Mór","""Megtörtént regék: Beszélyek"" by Mór Jókai is a collection of narratives written in the late 19th century. The book explores intriguing tales that delve into human relationships, societal issues, and moral dilemmas, often featuring strong-willed and complex characters. Among them is Lady Matilda, who personifies beauty and cunning but is ultimately embroiled in a web of deceit and treachery.  The opening of the narrative introduces the reader to the context of the story through a dialogue between Nyáry Pál and another character. As Nyáry shares captivating stories from his past during a dull session of the assembly, the first tale unfolds, centering around Matilda, a beautiful and wealthy baroness. Her glamorous lifestyle masks a darker reality of debt and manipulation, as she navigates her entanglements with her estranged husband and his inheritance. The narrative hints at Matilda’s duplicitous nature and foreshadows the unfolding drama that revolves around her quest for wealth and status, while also establishing the themes of betrayal and the intricate workings of law and morality. (This is an automatically generated summary.)",2
Antigone,Sophocles,"""Antigone"" by Sophocles is an Athenian tragedy written in either 442 or 440 BC. When Creon, the new ruler of Thebes, forbids the burial of Polynices—a brother who died fighting for the opposing side in a civil war—his niece Antigone faces an impossible choice. She must decide between obeying her uncle's decree or honoring divine law and family duty by burying her brother. Her defiance sets off a clash between human authority and sacred obligation that threatens to destroy them all. (This is an automatically generated summary.)",2
Hazai rejtelmek: Regény (1. kötet),"Kuthy, Lajos","""Hazai rejtelmek: Regény (1. kötet)"" by Lajos Kuthy is a novel published in serialized form between 1846-1847. Inspired by Eugène Sue's ""Les Mystères de Paris,"" this Hungarian mystery follows two feuding branches of the Szalárdy family in Pest and the Hungarian plains. When ambitious nobleman György conspires to destroy his brother Elek's orphaned son Ödön through false imprisonment and attempts on his sanity, the young heir must survive among criminals and beggars before uncovering dark family secrets that will restore justice. (This is an automatically generated summary.)",2
Grimm testvérek összegyüjtött meséi,"Grimm, Jacob, Grimm, Wilhelm","""Grimm testvérek összegyüjtött meséi"" by Jacob Grimm and Wilhelm Grimm is a collection of fairy tales first published in 1812. Two brothers transform oral traditions into written history, gathering folk stories from friends and old books across Germany. What begins as 86 tales grows through seven editions into 200 stories that will define Western children's literature. Born from financial hardship and scholarly passion, these collected tales undergo constant revision—wicked mothers become stepmothers, unsuitable content shifts and changes. The brothers preserve a disappearing world of German folklore, creating a work UNESCO now honors in its Memory of the World Register. (This is an automatically generated summary.)",2
Dekameron (1. rész): Száz novella,"Jókai, Mór","""Dekameron (1. rész)"" by Mór Jókai is a collection of novellas written in the late 19th century. The work explores the narratives of characters set against historical backdrops, delving into their experiences and emotions in the context of Hungarian history. Through its luxuriant prose, it portrays the lives of notable figures and the common folk of Esztergom, capturing the vibrant culture and the impending threats of their era.  The opening of this volume introduces readers to an intriguing blend of history and character reflection, primarily focusing on the past glories and decadence of Esztergom. The narrator, who possesses the skull of Karadzim khán, reflects upon the historical significance and beauty of the city while longing for its former splendor. The text paints a vivid picture of a bustling town filled with diverse cultures, commerce, and the enchanting beauty of women, yet it ominously foreshadows the devastating arrival of the Tatars. Through the character of Berta, the belle of the town, the narrative hints at impending tragedy as the threat of invasion looms, underscoring themes of beauty, loss, and resilience amidst turmoil. (This is an automatically generated summary.)",2
Álomvilág: Elbeszélések,"Ambrus, Zoltán","""Álomvilág: Elbeszélések"" by Zoltán Ambrus is a collection of short stories written in the early 20th century. The book explores themes of dreams, adventure, and mystical encounters through the experiences of its young protagonist. The narrative blends elements of fantasy and reality, rich in imagery and emotional depth.  The opening of ""Álomvilág"" introduces the reader to a young boy who escapes from the confines of a large blue room, symbolizing the limitations of his everyday life. As he ventures into a dreamlike landscape, he encounters enchanting elements such as a shimmering river and a mysterious girl named Pókháló, who embodies a fairy-like persona. She offers him a life of happiness away from home but warns that he can never return. The story sets the tone for the rest of the collection, hinting at the interplay between desire and consequence in the realm of dreams and imagination. (This is an automatically generated summary.)",2
Nincsen ördög; A Magláy család; A ki holta után áll boszut,"Jókai, Mór","""Nincsen ördög; A Magláy család; A ki holta után áll boszut"" by Mór Jókai is a novel written in the late 19th century. The book explores the lives and experiences of its characters as they navigate various societal and personal challenges, intertwining themes of family and fate. The narrative begins with a journey on a train, gradually introducing key figures, including a wealthy family and a mysterious child.  The opening of the novel sets a vivid scene aboard a train traveling through picturesque landscapes, where a narrator encounters various characters, including a rich nobleman's entourage and a quiet, mute child named Jemmy. As the journey progresses, a conversation unfolds between the narrator and a doctor regarding the boy's past and his speech difficulties. This portion lays the groundwork for themes of connection, misunderstanding, and the complexities of human relationships, hinting at how these elements could intertwine in the greater narrative of the novel. (This is an automatically generated summary.)",2
Thury Zoltán összes művei (1. kötet): Ketty és egyéb elbeszélések,"Thury, Zoltán","""Thury Zoltán összes művei (1. kötet)"" by Zoltán Thury is a collection of stories likely written in the early 20th century. The compilation includes various narratives that explore different aspects of life, highlighting themes such as social issues, personal struggles, and interpersonal relationships. The stories likely reflect the societal dynamics and challenges of the time, as seen through the eyes of everyday characters.  At the start of the collection, the opening story introduces us to Huber, a new landlord of a rundown apartment building who is focused on collecting rent from his tenants. As he interacts with the landlady, we learn about the struggles of the building’s residents, particularly a poor painter who faces eviction due to unpaid rent. The painter is depicted as a sensitive individual caught in a cycle of financial distress and desperation, expressing thoughts of self-harm. In parallel, a young girl named Ketty, the landlord's daughter, expresses a desire to have her portrait painted, providing a glimpse of hope amid the melancholy. The beginning effectively sets the stage for a deeper exploration of the characters' lives and the societal circumstances surrounding them in the following stories. (This is an automatically generated summary.)",2
Föld felett és viz alatt; A véres kenyér; A szegénység utja,"Jókai, Mór","""Föld felett és viz alatt; A véres kenyér; A szegénység útja"" by Mór Jókai is a novel written in the late 19th century. The work delves into the tumultuous historical context of Hungary, exploring themes of war, survival, and societal change through the experiences of its characters. Among them is Isaszeghy Gábor, a nobleman navigating a world ravaged by conflict and personal strife, reflecting on the devastation left behind by warfare and the quest for meaning and power amidst chaos.  The opening of the narrative sets a vivid scene in a barren landscape, showcasing the aftermath of futile conflicts and the desolation of war-torn territories. It introduces Isaszeghy Gábor, who faces the harsh realities of his environment, contemplating the devastating impact of years of strife on his land and people. As he recounts the history of his region and his personal journey, the reader is drawn into the broader narrative of survival and the search for wealth and glory, setting up a dramatic tale of adventure, misfortune, and complex character dynamics against a backdrop of societal upheaval. (This is an automatically generated summary.)",2
A Noszty fiu esete Tóth Marival (1. kötet),"Mikszáth, Kálmán","""A Noszty fiu esete Tóth Marival (1. kötet)"" by Kálmán Mikszáth is a novel written in the early 20th century. This work is a keen exploration of a young man's adventures and romantic entanglements, particularly focusing on the character of Noszty Ferencz, a charming but financially beleaguered lieutenant. The story delves into the themes of social status, love, and the humorous trials of its main characters amidst the societal backdrop of Hungary.  The opening of the novel introduces the protagonist, Noszty Ferencz, as a dashing young officer in a garrison town teeming with romantic prospects due to a nearby detachment of soldiers. Captivated by beautiful women and burdened with debts from his romantic pursuits, Noszty finds himself drawn to the lovely Velkovics Rozáliát, despite her pending engagement to another man. The narrative further explores the interactions and varying opinions of the influential figures surrounding Rozália, particularly her father, who disapproves of Noszty's social standing. As the young lieutenant's financial troubles deepen, he devises a risky plan that sets the stage for the unfolding drama, highlighting the immediate obstacles and humorous predicaments that accompany love and ambition in the context of their society. (This is an automatically generated summary.)",2
Édes anyaföldem! : Egy nép s egy ember története (1. kötet),"Benedek, Elek","""Édes anyaföldem! : Egy nép s egy ember története (1. kötet)"" by Elek Benedek is a historical narrative written in the early 20th century. The work appears to chronicle personal memories intertwined with the history of the Hungarian people, focusing on the author's homeland and his familial heritage. Through intimate storytelling, the author intends to illustrate the struggles and resilience of the Székely people, drawing upon both idyllic and dramatic elements from his life.  The opening of the narrative introduces the author’s reflective journey as he recalls his small village, Kisbaczon, its unique charm, and the lives of its inhabitants, especially his family. He begins with a poignant admission of having started the book amidst personal and national turmoil, suggesting a desire to document the history of a people who have faced numerous adversities. The text vividly describes the village's character—the lush landscapes, the close-knit community, and the lineage of its families—underscoring the author's nostalgia and emotional connection to his roots. As he recounts his ancestry, he highlights notable figures in his family, particularly his grandfathers, whose legacies deeply impacted his personal development and understanding of identity. (This is an automatically generated summary.)",2
Régi magyar vitézi énekek és elegyes dalok (1. kötet),"Thaly, Kálmán","""Régi magyar vitézi énekek és elegyes dalok (1. kötet)"" by Kálmán Thaly is a collection of historical poems and songs compiled during the mid-19th century. This volume focuses on gathering original manuscripts and previously dispersed printed works from the 16th, 17th, and 18th centuries, showcasing Hungary's rich poetic heritage. The collection emphasizes themes of heroism, national identity, and cultural expression through traditional Hungarian verses, which celebrate the valiant past of the nation and its integral history.  The opening of this compilation reveals Thaly's deep commitment to preserving the Hungarian poetic tradition, which he believes has been diminished over time. He expresses his admiration for the lyrical nature of the Hungarian people, illustrating how songs have documented their experiences of longing, loss, and valor throughout history. Thaly explains the challenges of gathering these songs, reminiscing about the wealth of lost works that reflect Hungary's distinct culture. Through this meticulous archival effort, Thaly aims to enrich the current landscape of Hungarian literature with these expressive, historical pieces. (This is an automatically generated summary.)",2
Tündérkert: Szépasszonyok hosszú farsangja,"Móricz, Zsigmond","""Tündérkert: Szépasszonyok hosszú farsangja"" by Zsigmond Móricz is a historical novel written in the early 20th century. The book is set in the 17th century, focusing on the era of Gábor Báthory, a prince of Transylvania, and his interactions with significant characters, including his wife and various noble figures. The narrative likely explores themes of power, politics, and romance amidst historical turmoil, reflecting on the complexities of personal relationships against a backdrop of shifting loyalties.  The opening of the novel presents a vibrant scene filled with anticipation as townspeople gather outside a grand residence, eagerly awaiting the arrival of the young fejedelemasszony (princess). Through the eyes of a curious doorkeeper, readers are introduced to the characters, including the fejedelem, who displays a youthful charm, and his wife, who enters in a stunning golden gown. The atmosphere is charged with the juxtaposition of courtly elegance and underlying tensions, setting the stage for conflicts that emerge from personal desires and political ambitions. As the chapter unfolds, it becomes clear that the fejedelem's relationships with influential women and the expectations of his role are central to the narrative's development. (This is an automatically generated summary.)",2
Az arany ember (1. rész): Regény,"Jókai, Mór","""Az arany ember (1. rész)"" by Mór Jókai is a novel published in 1872. When the steamship Szent Borbála navigates the treacherous Danube, shipmaster Timár Mihály encounters deadly storms, Turkish warships, and mysterious passengers. After rescuing a Turkish treasurer's daughter and inheriting a hidden fortune, Timár must navigate both river perils and human greed. He also discovers an enchanted island inhabited by refugees from society, where a beautiful young woman named Noémi lives in exile with her mother. (This is an automatically generated summary.)",2
Rákóczy fia: Regény,"Jókai, Mór","""Rákóczy fia: Regény"" by Mór Jókai is a historical novel written in the late 19th century. The story is set in the context of the struggles and tribulations of two sons of Prince Rákóczi, who find themselves captured and brought to Vienna during a tumultuous period. The narrative revolves around their upbringing and education, primarily focusing on the character of Giorgio Giunchi, the younger son, and the various influences surrounding him.  The opening of the novel introduces Rákóczi's two sons, who were taken captive as children and brought to Vienna. While their mother resides in a monastery, Giorgio and his older brother receive a careful education tailored to their noble status. As the story unfolds, Giorgio's character is showcased through his interactions during examinations and with his tutors, revealing a mix of youthful exuberance and the struggles of his identity as the son of a nobleman in exile. The complexities of their upbringing, particularly Giorgio’s efforts to understand his roots amidst a backdrop of political turmoil, set the stage for deeper explorations of loyalty, identity, and the pursuit of freedom throughout the narrative. (This is an automatically generated summary.)",2
Fekete gyémántok,"Jókai, Mór","""Fekete gyémántok"" by Mór Jókai is a novel written in the late 19th century. The book seems to explore themes of creation and the evolution of life on Earth through a blend of fantasy and scientific concepts, as it recounts a dramatic depiction of prehistoric existence, touching on geological formations, ancient organisms, and the eventual emergence of humanity.   At the start of the narrative, the reader is introduced to a world from the distant past, where the earth is an untamed wilderness and prehistoric creatures roam freely. The prose outlines the creation of the world, the layers of geological history, and vividly describes the flora and fauna that existed long before human beings. As the tale progresses, it transitions from the grand features of nature and the life that once dominated it to a focus on a solitary man who navigates the dark, perilous depths of a coal mine, battling both the physical dangers of mining as well as profound existential concerns about life and death in this haunting, subterranean realm. (This is an automatically generated summary.)",2
A Bakony (2. kötet),"Eötvös, Károly","""A Bakony (2. kötet)"" by Károly Eötvös is a historical account written in the late 19th century. The work delves into the life and legacy of Sobri Joska, a notorious bandit from the Bakony region of Hungary, exploring the various legends surrounding him and his companions. It seems to engage with both factual recounting and folklore, illustrating Sobri’s impact on local culture and memory.  The opening of the work introduces the character of Sobri and sets the stage for an exploration of his life, delving into public curiosity about his identity after he vanished nearly sixty-nine years prior. It highlights questions surrounding his past, such as whether he was truly a nobleman or simply an enigmatic outlaw. This section suggests that Eötvös intends to unravel myths and mende-mondák (folk tales) related to Sobri Jóska, including accounts of his notable companions, deeds, and the folklore that has grown around his name. It reflects on the intersection of history and storytelling, hinting at a rich narrative that captures the essence of Hungarian culture and memory. (This is an automatically generated summary.)",2
A Noszty fiu esete Tóth Marival (2. kötet),"Mikszáth, Kálmán","""A Noszty fiú esete Tóth Marival (2. kötet)"" by Kálmán Mikszáth is a novel written in the early 20th century. The story takes place in a rural Hungarian setting and seems to revolve around the social dynamics and romantic entanglements of its characters. The central figures include Noszty, a young man, and Tóth Mari, who is caught up in the intricacies of love and societal expectations, which likely leads to humorous and poignant situations throughout the narrative.  The opening of the novel introduces a lively gathering at a vineyard, filled with familiar characters engaging in light-hearted banter. We see the Velkovics family and their acquaintances preparing for the grape harvest, which sets the stage for unfolding relationships and tensions. Tóth Mari is depicted as being particularly affected by recent events, hinting at deeper emotional developments as the vineyard festivities progress. There is suspicion and intrigue surrounding her interactions, especially with the rumored presence of a brigand known as Patkó, which adds a layer of suspense to the social atmosphere. As the characters navigate their relationships and miscommunications, the opening suggests a blend of comedy, drama, and romance in their stories. (This is an automatically generated summary.)",2
Vadon virágai,"Jókai, Mór","""Vadon virágai"" by Mór Jókai is a novel written in the late 19th century. Set in a barren mountain valley in Hungary, this story explores themes of loss, abandonment, and the echoes of past glory through the tragic history of a once-vibrant land and its fading inhabitants. The narrative introduces Barlavit, a fallen hero whose legacy haunts the landscape, and his descendant, Adonis, whose unrequited love and despair drive the plot forward.  At the start of the novel, the setting is described in vivid detail, emphasizing the desolation of a lonesome valley that was once thriving but is now devoid of life. The young Adonis, the only surviving descendant of Barlavit, is depicted in a state of melancholy as he yearns for the love of a girl living in a silent, neglected mansion nearby. The eerie connection between the past and present is established through the mention of Márcze Záre, a mysterious figure tied to dark legends who seems to hold the key to the valley's past heartaches. The opening sets a somber tone, hinting at tumultuous events and the struggles of love, fate, and the inexorable passage of time. (This is an automatically generated summary.)",2
Andor: Regény,"Molnár, Ferenc","""Andor: Regény"" by Ferenc Molnár is a novel written in the early 20th century. The story seems to follow the character Andor, a young man navigating his responsibilities and relationships in Budapest, particularly in the context of significant changes in his life, the loss of his parents, and the complexities of young love.   The opening of the novel sets a somber and reflective tone as it introduces Andor during the early hours of dawn, crossing the Margit Bridge from Pest to Buda. Alone and tired, he contemplates the tranquility around him while grappling with his loneliness in the wake of his mother's death and his father's declining health. The narrative then shifts to Andor's home, where he reflects on his past, his relationships, particularly with Turnovszky Ella, and his impending move to a new apartment. As he prepares to leave his childhood home, the emotional weight of farewell looms large, underscored by memories of love, family tension, and the anxiety of stepping into adulthood. With layers of introspection and developing character dynamics, the beginning lays a strong foundation for the narrative's exploration of personal growth and the inevitabilities of life. (This is an automatically generated summary.)",2
Hétfalusi csángó népmesék; Magyar népköltési gyüjtemény 10. kötet,,"""Hétfalusi csángó népmesék; Magyar népköltési gyüjtemény 10. kötet"" by Antal Horger is a collection of folk tales written in the early 20th century. The work focuses on the rich tradition of storytelling among the Hétfalusi Csángós, a Hungarian minority group residing in Romania. This volume aims to preserve their cultural heritage through captivating narratives filled with elements of magic, morality, and the struggles of the human condition.  The beginning of the collection introduces the context of the tales and the environment from which they originate. It includes a foreword that explains the significance of collecting these stories, emphasizing the ongoing importance of folk traditions. Following this, an introduction provides background information on the Hétfalusi Csángós, detailing their unique history and cultural traits. The stories commence with a tale about a king, his enchanted bird that lays golden eggs, and his sons who navigate family intrigue and danger, setting the tone for the magical and adventurous narratives to follow. This initial narrative hints at themes of betrayal, loyalty, and courage, engaging the reader to delve deeper into the collection. (This is an automatically generated summary.)",2
Századunk magyar irodalma képekben: Széchenyi föllépésétől a kiegyezésig,"Endrődi, Sándor","""Századunk magyar irodalma képekben: Széchenyi föllépésétől a kiegyezésig"" by Endrődi Sándor is a historical account written in the late 19th century. The book provides an overview of Hungarian literature from the period of Széchenyi's emergence as a national figure to the Compromise that defined Hungary's status in the Austro-Hungarian Empire. The work aims to enliven the somewhat dry material of literary history, making it accessible to the general public, particularly targeting the youth and women.  The opening of the book presents an introduction where the author reflects on the significance of the time period covered and the challenges of addressing such a vast subject within the constraints of a single volume. Endrődi expresses his concerns about adequately capturing the literary movements and influential figures that emerged during a dynamic and transformative era in Hungary, characterized by political struggles and the fight for national identity. He emphasizes the importance of literature as a refuge and a means of expression for the Hungarian people, who faced multiple societal and political adversities, highlighting Széchenyi's pivotal role in shaping national consciousness through literature and reform initiatives. (This is an automatically generated summary.)",2
Magyar titkok: Regény (3. kötet),"Nagy, Ignácz","""Magyar titkok: Regény (3. kötet)"" by Ignácz Nagy is a romantic novel published between 1844-1845. The story follows Bende, a brave hero who pursues Sobri, a master of disguise and seducer of women through the streets of Pest. Yet this is more than a crime tale—it's a vivid portrait of 1840s Budapest life. Through episodic sketches, Nagy reveals the capital's colorful characters and distinctive locations, from gambling dens to taverns, creating the first broad panorama of Pest in Hungarian literature. (This is an automatically generated summary.)",2
A könyv története (1. rész): A magyar könyvnyomtatás és könyvkereskedelem rövid története a legrégibb időktől napjainkig,"Steinhofer, Károly","""A könyv története (1. rész)"" by Károly Steinhofer is a historical account written in the early 20th century. This work provides a concise exploration of the history of book printing and book trading in Hungary, from ancient times up to the present conditions of its authorship and publishing, emphasizing its significance in the development of culture and knowledge.   The opening of the book outlines the author's intention to summarize the historical progress of book printing, beginning with the early techniques before Gutenberg, and extending to the introduction of movable type in Hungary. Steinhofer sets the stage by recounting the various methods of book reproduction used in ancient times, leading to a discussion on the revolutionary impact of Gutenberg's invention in the 15th century. The narrative touches on the cultural transformation brought about by the spread of printed materials, thus heralding the profound effects of printing on society and education. (This is an automatically generated summary.)",3
Mikor a mécses már csak pislog: Elbeszélések,"Mikszáth, Kálmán","""Mikor a mécses már csak pislog: Elbeszélések"" by Kálmán Mikszáth is a collection of short stories written in the early 20th century. This work explores social themes and anecdotes centered around the lives of the Budai citizens, particularly focusing on the intimate space of local taverns, their patrons, and day-to-day experiences. The characters come to life through witty observations and a clear depiction of societal norms of the time.  The opening of the collection introduces the reader to the tavern called ""Fehér Páva,"" where the colorful interplay between regular patrons and newcomers unfolds. One of the central figures is an endearing young girl referred to as ""sipsirica,"" who is both charming and innocent. As the narrative reveals her interactions with the eccentric characters that frequent the ""Páva,"" it hints at underlying themes of family, social class, and the simple joys and conflicts of life in Budapest. The emerging dynamics include humorous exchanges and hints of romance, establishing a strong sense of community and vivid characterization right from the start. (This is an automatically generated summary.)",3
Magyar titkok: Regény (1. kötet),"Nagy, Ignácz","""Magyar titkok: Regény (1. kötet)"" by Ignácz Nagy is a romantic novel published in 1844–1845. The brave and clever narrator Bende pursues Sobri, a master of disguise who seduces women and commits crimes across Pest. While the detective story provides a ""red thread"" connecting episodes, the work's true value lies in its vivid portraits of 1840s Pest-Buda life. Through Bende's adventures, Nagy presents a colorful panorama of the emerging capital's characteristic locations, social types, and daily customs, creating the first wide-ranging literary portrait of the city. (This is an automatically generated summary.)",3
Zágoni Mikes Kelemen törökországi levelei (1. kötet),"Mikes, Kelemen","""Zágoni Mikes Kelemen törökországi levelei (1. kötet)"" by Kelemen Mikes is a collection of 207 fictional letters written between 1717 and 1758. Composed during his Turkish exile following the Rákóczi independence war's failure, Mikes addressed these letters to an invented countess living near Constantinople. The letters chronicle the daily lives of exiles, reflect the author's emotional fluctuations, and include historical anecdotes. They blend descriptions of Ottoman customs with personal reflections, evolving from hopeful expectations of return to resigned acceptance of fate, all expressed through conversational elegance and gentle humor. (This is an automatically generated summary.)",3
Apró bűnök : $b Elbeszélések,"Tormay, Cécile",,3
Eredeti népmesék,"Arany, László","""Eredeti népmesék"" by László Arany is a collection of traditional Hungarian folk tales, likely written in the mid-19th century. The book features a variety of stories that capture the rich heritage of Hungarian folklore, presenting tales of kings, magical creatures, and moral lessons.   The opening of the collection introduces a story about a blind king who possesses a remedy for his blindness but refuses to reveal it. His three sons, determined to help him, conspire to discover the cure. The youngest son bravely confronts his father and learns that the king can only regain his sight by hearing the song of a magical bird. The story unfolds with the brothers journeying to find this bird, setting the stage for their adventures and the tests of character that follow. Each tale within the collection promises to explore themes of bravery, love, and the consequences of one's actions, highlighting the cultural and moral fabric of Hungarian tradition. (This is an automatically generated summary.)",3
Tanár úr kérem: Képek a középiskolából,"Karinthy, Frigyes","""Tanár úr kérem: Képek a középiskolából"" by Frigyes Karinthy is a collection of sketches first published in 1916. Through vivid vignettes of student life, Karinthy recreates the everyday dramas of the classroom: students rushing late to school, fumbling through unprepared recitations, selling textbooks for pocket money, and erupting into uncontrollable laughter. These interconnected tales blur the line between memory and imagination, capturing both the absurdity and authenticity of adolescent experience in a Hungarian secondary school. The work has become one of Hungary's most beloved literary works. (This is an automatically generated summary.)",3
Rab Ráby: Regény,"Jókai, Mór","""Rab Ráby: Regény"" by Mór Jókai is a novel written in the late 19th century. The story explores the historical context of legal practices in Budapest before the establishment of public attorneys, focusing on the life of its main character, Mathias Ráby, who becomes the first independent lawyer in the city. Through his journey, the book likely delves into themes of justice, societal change, and the struggles of the common people.  At the start of the novel, the narrative sets a vivid scene of Budapest a century ago, detailing the absence of public advocates and the legal challenges faced by the common folk. The protagonist, Mathias Ráby, emerges from a backdrop of societal inefficiency and injustice, recognizing a critical need for representation. The opening chapters introduce a legal assembly where Ráby aspires to fill the gap for the marginalized populace who lack legal protection against their oppressors. Through lively dialogues and humorous interactions among officials, the text paints a rich tapestry of character and setting, establishing the groundwork for Ráby’s mission as a pioneering figure in a struggling legal system. (This is an automatically generated summary.)",3
Hazai rejtelmek: Regény (2. kötet),"Kuthy, Lajos","""Hazai rejtelmek: Regény (2. kötet)"" by Lajos Kuthy is a novel published in 1846–1847. Inspired by Eugène Sue's ""The Mysteries of Paris,"" this Hungarian romantic crime story follows two families—one virtuous, one corrupt—in Pest and the Hungarian plains. Young Ödön Szalárdy suffers persecution from his ambitious uncle, who seeks to destroy him and steal his inheritance through conspiracy and violence. The tale weaves murder, false imprisonment, and dark secrets with vivid descriptions of the Hungarian landscape and folk life, ultimately leading to justice and redemption. (This is an automatically generated summary.)",3
Esztike kisasszony professzora: Regény,"Pálffy, Albert","""Esztike kisasszony professzora: Regény"" by Albert Pálffy is a novel written in the early 20th century. The story revolves around the Dorozsmay family, particularly their daughter Esztike, as well as other various characters navigating love, wealth, and social status in Hungarian society following the tumultuous history of the late 19th century. The narrative likely explores themes of familial duty, romantic aspirations, and the intricacies of social relationships amid changing fortunes.  The opening of the novel introduces readers to the origins and fortunes of the Dorozsmay family, recounting their historical struggles and eventual rise to wealth. It begins with a reflection on the family's past, highlighting significant ancestors and their fates, along with the current circumstances of Kálmán, a member of the family who inherits a modest estate after a series of misfortunes. As the plot unfolds, the focus shifts to the contemporary life of Kálmán’s daughter, Esztike, and examines her upbringing, prospects, and interactions with prospective suitors, mingling elements of romance and societal expectations as the characters seek their aspirations. (This is an automatically generated summary.)",3
Az egri csillagok (I. kötet) : $b Bornemissza Gergely élete,"Gárdonyi, Géza","""Az egri csillagok (I. kötet): Bornemissza Gergely élete"" by Géza Gárdonyi is a historical novel published in 1901. Set during the Ottoman occupation of 16th-century Hungary, it follows young Bornemissza Gergely and Cecey Éva from childhood through the legendary siege of Eger in 1552. After being kidnapped by Turkish raiders as children, their lives intertwine through adventure, captivity, and romance, culminating in the heroic defense of Eger fortress where a small Hungarian garrison faces an overwhelming Ottoman army in a battle that would help define Europe's borders for generations. (This is an automatically generated summary.)",3
"Élet, halál","Szép, Ernő","""Élet, halál"" by Ernő Szép is a literary collection written in the early 20th century. This work, blending prose and poetry, immerses the reader in the experiences and emotions surrounding life during wartime, particularly focusing on the perspective of Hungarians. The book explores themes of national identity, suffering, hope, love, and the tension between life and death, all set against the somber backdrop of war. Rather than following a single protagonist, it presents a mosaic of voices, reflections, and brief stories, painting a collective portrait of a nation under the strain of conflict.  The opening of ""Élet, halál"" moves through a series of lyrical prayers, vivid wartime observations, and poignant personal stories and sketches. It begins with a heartfelt prayer asking for divine protection for the Hungarian people, followed by expressive meditations on the war, the pain and camaraderie of soldiers, and the longing for peace. Szép alternates between prose and poetry, weaving together fragments of battlefield memories, the everyday heroism and suffering of civilians and soldiers, and the subtle beauty of ordinary moments—such as the story of an old woman donating handmade pillows or delicate ruminations on a sigh or a smile. The tone is alternatingly elegiac, observant, tender, and quietly ironic, giving readers immediate access to the emotional core of a society shaped by war. (This is an automatically generated summary.)",3
"Szabadság a hó alatt, vagy: A zöld könyv: Történelmi regény","Jókai, Mór","""Szabadság a hó alatt, vagy: A zöld könyv"" by Mór Jókai is a historical novel written in the late 19th century. The narrative immerses readers in a tense atmosphere filled with intriguing characters, highlighting themes of freedom and conflict against a backdrop of snow-covered landscapes and military movements. The story seems to revolve around two main characters—one a noble warrior following a trail of blood and roses, and the other a man embarking on a journey for an undisclosed purpose, hinting at the intertwining paths their destinies may take.  The opening of the novel sets a stark scene in a snowy forest, where a group of Cossack cavalry is seen transporting a bound figure along the trail. This haunting image leads to a character who forages for blood drops that transform into roses against the white snow, suggesting underlying themes of sacrifice and beauty amid brutality. As the narration unfolds, it juxtaposes the solitary quest of another man seemingly searching for something deeper, creating an air of mystery concerning their upcoming encounter. The passage hints at a significant event or revelation waiting to occur as the paths of these characters converge, hinting at the exploration of freedom amidst oppression and the complex nature of their journeys. (This is an automatically generated summary.)",3
A kis királyok (1. rész): Regény,"Jókai, Mór","""A kis királyok (1. rész)"" by Mór Jókai is a novel written in the late 19th century. The story follows the lives of the aristocratic characters intertwined with their interests in politics and horticulture, particularly focusing on Count Ponthay Adalbert, who is both an avid gardener and a political figure. The narrative hints at an intricate balance between personal desires and public responsibilities, showcasing the complexities of nobility.  At the start of the story, we are introduced to Count Ponthay Adalbert and his guest, Hruszkay Xaver Ferenc, as they stroll through the Count’s extensive park. The scene sets the stage for a comedic clash of interests, where the gardener's passion for exotic flora surpasses the councilor's disdain for nature, particularly trees. Their contrasting personalities lead to discussions filled with irony and subtle humor, especially when revealing the Count's frustrations about a local noblewoman who refuses to leave her disruptive property within his park despite his various offers and attempts to remove her. This opening hints at deeper themes of land ownership, societal norms, and the challenges faced by the aristocracy. (This is an automatically generated summary.)",3
Nagy magyarok élete (2. kötet),"Benedek, Elek","""Nagy magyarok élete (2. kötet)"" by Elek Benedek is a biographical work published in the early 1900s. This volume presents the lives of three pivotal Hungarian figures: King Louis the Great, János Hunyadi, and King Matthias. Part of a multi-volume series dedicated to great Hungarians, it offers popular biographical accounts that bring these historical leaders to life. The book chronicles their achievements and contributions to Hungarian history through accessible storytelling. (This is an automatically generated summary.)",3
A kik kétszer halnak meg (1. rész): Regény,"Jókai, Mór","""A kik kétszer halnak meg (1. rész)"" by Mór Jókai is a historical novel written in the late 19th century. The narrative unfolds in a picturesque setting of Hungary, exploring themes of historical legacy and personal fate against the backdrop of turbulent times. The main character introduced in the opening is Illavay Ferencz, who is depicted grappling with matters of duty, legacy, and personal relationships as he navigates the complexities of his life.  At the start of the story, the landscape of a historically rich region in Hungary is vividly described, setting the mood for the unfolding events. Illavay Ferencz is preparing for an important day, anxiously getting ready for a wedding, only to receive a shockingly heartbreaking letter from his fiancée, Julia, declaring that their relationship is over. As he navigates his emotions, his character reflects on the societal expectations and personal turmoil of the time. Simultaneously, the opening hints at larger political and social themes as Illavay also faces pressing duties as a local official during a time of upheaval, including military mobilization and local governance amidst conflict. The groundwork is laid for a rich interplay of personal ambitions and historical events that will unfold throughout the novel. (This is an automatically generated summary.)",3
Ne bántsuk egymást: Ujabb tréfák,"Karinthy, Frigyes","""Ne bántsuk egymást: Ujabb tréfák"" by Frigyes Karinthy is a collection of humorous stories written in the early 20th century. The work presents a satirical and playful examination of societal norms, individual behaviors, and the complexities of human relationships, often featuring caricatures of various characters and their absurd situations. The characters navigate encounters that highlight the quirks of human nature, primarily focusing on personalities caught in comedic misunderstandings.  At the start of this collection, we meet a melancholic poet who becomes entangled in an unexpected proposition from a mysterious character named John Devil. As the poet grapples with his creative block while attempting to conjure tears for his poetry, he receives an unusual offer to provide a mysterious substance for a considerable payment. The opening sets the stage for a series of humorous and philosophical explorations about the nature of art, success, and the human condition, with the poet's struggle serving as a comedic lens through which the author critiques societal expectations and personal aspirations. (This is an automatically generated summary.)",3
"Vidéki hirek, és más elbeszélések","Móricz, Zsigmond","""Vidéki hirek, és más elbeszélések"" by Zsigmond Móricz is a collection of short stories written in the early 20th century. The book delves into the life and dynamics in a rural town, focusing on the societal nuances and individual struggles of its inhabitants. The narrative begins by introducing an unnamed journalist, who embodies the frustrations and aspirations of a creative spirit stifled by his environment.  The opening of the collection showcases the journalist sitting alone in a local pub, reflecting on his life and the missed opportunities in his career. A conversation with Dr. Koncz, a young lawyer, unveils their mutual dissatisfaction with the stagnant local culture and the aspirations of its people. As they discuss various topics, including a notable absence of humor in local publications, the journalist's bitterness and desire to connect with a broader, more dynamic literary world becomes palpable. The introduction of supporting characters, such as the local schoolteacher and the vibrant young men from the town, highlights the contrasts between aspirations and reality, laying the groundwork for the exploration of themes like ambition, societal expectations, and the complexities of small-town life throughout the narrative. (This is an automatically generated summary.)",3
Tinta,"Kosztolányi, Dezső","""Tinta"" by Dezső Kosztolányi is a novel written in the early 20th century. The narrative begins on the eve of war, juxtaposing the mundane life of citizens with the impending chaos of conflict. It focuses on the experiences of a young student caught in the realities of a world on the brink of transformation, exploring themes of innocence, societal change, and the shadow of war.  The opening of ""Tinta"" depicts the day when the news of war breaks, offering a vivid and sensory-rich account of the nation's atmosphere as people engage in their daily lives, oblivious to the gravity of the situation looming before them. Among them is a seventeen-year-old student who ventures into the hills, pondering philosophical questions and unexpectedly encountering soldiers, thus marking the intrusion of war into personal and collective consciousness. Kosztolányi artfully captures the initial stages of societal numbness, juxtaposing tranquility with the foreboding sense of an imminent and turbulent change, foreshadowing the emotional landscape that will unfold as the narrative progresses. (This is an automatically generated summary.)",3
Népdalok és mondák (3. kötet); Magyar népköltési gyüjtemény,"Erdélyi, János","""Népdalok és mondák (3. kötet); Magyar népköltési gyüjtemény"" by János Erdélyi is a collection of Hungarian folk songs and tales written in the mid-19th century. This volume is part of a larger compilation sponsored by the Kisfaludy Society, aimed at preserving and celebrating the rich tradition of Hungarian folk culture. The works included reflect various themes, primarily love, social customs, and the experiences of rural life, showcasing the spirit of the Hungarian people through their music and storytelling.  The opening of the volume features an introduction by the editor, János Erdélyi, who expresses gratitude towards contributors who have shared their folk songs and tales. He aims to emphasize the importance of folk literature in the broader scope of Hungarian heritage. Following the introductory remarks, the content immediately transitions into the collection of love songs, each imbued with emotional depth and cultural significance. The songs range from declarations of love and longing to reflections on heartache and separation, illustrating the timeless nature of these experiences in the human condition. The lyrical beauty and poignant themes invite readers to a heartfelt exploration of Hungarian culture and tradition. (This is an automatically generated summary.)",3
A vénülés elhárítása és az élet meghosszabbítása: Célszerű életmóddal és gyógyeszközökkel,"Lorand, Arnold","""A vénülés elhárítása és az élet meghosszabbítása"" by Dr. Loránd Arnold is a scientific publication written in the early 20th century. The work addresses the prevention of aging and the extension of lifespan through sensible lifestyle choices and medicinal practices. The author aims to present concepts that can be easily understood by the educated layperson, emphasizing the importance of early intervention and awareness in delaying the aging process.  The opening of the work introduces the author’s goals and intentions, highlighting his belief that many individuals age prematurely due to personal neglect and unhealthy habits. Dr. Arnold argues that by adopting a reasonable lifestyle and using the right medical tools, one can significantly extend life and enjoy its pleasures well into old age. He references initial observations indicating that disruptions in hormonal glands, particularly the thyroid and gonads, can lead to premature aging and a host of related health issues. The introduction sets the stage for a detailed exploration of these concepts, promising practical advice for readers seeking to improve their health and longevity. (This is an automatically generated summary.)",3
"Dramaturgiai dolgozatok (1. kötet, 1850-1863)","Gyulai, Pál","""Dramaturgiai dolgozatok (1. kötet, 1850-1863)"" by Pál Gyulai is a collection of dramatic works and critiques written in the mid-19th century. This foundational volume delves into Hungarian theater, exploring original plays and translations, and addresses the state of drama and literature during Gyulai's time. The writing reflects upon the cultural landscape, critiquing the quality of contemporary works and emphasizing the need for literary revival in Hungary.  The opening of this collection introduces the author’s observations about the dramatic art during the period between 1850 and 1863, highlighting the scarcity of literary growth in the Alföld region. Gyulai laments the lack of appreciation for literature in towns like Debreczen and Szeged, advocating for a renewal of local literary engagement through newspapers and original works. He introduces the first original play “Vetélytársak” by Horváth Cyrill, reflecting on the shortcomings of the drama while hoping for a resurgence of serious artistic quality. The section sets a critical tone, emphasizing the need for improvement in Hungarian theater and literature. (This is an automatically generated summary.)",3
Thury Zoltán összes művei (2. kötet): Emberhalál és egyéb elbeszélések,"Thury, Zoltán","""Thury Zoltán összes művei (2. kötet): Emberhalál és egyéb elbeszélések"" by Zoltán Thury is a collection of narratives written in the early 20th century. The work seems to explore the societal dynamics and struggles of rural life, with a focus on peasant communities facing the overreach of landowners and bureaucratic authority.   The opening of the collection presents a vivid scene in a rural setting where peasants are in conflict with a baron over access to timber in a forest. The narrative captures the tension as the baron enforces strict regulations on the peasants, who have historically gathered wood for their fires. As the situation escalates, the peasants’ frustrations lead them to revolt, chanting that the land and its resources belong to them. The story sets a serious and somber tone, highlighting themes of class struggle, the exploitation of the working class, and the impact of authority on everyday lives. (This is an automatically generated summary.)",3
Novellák,"Jókai, Mór","""Novellák"" by Mór Jókai is a collection of short stories written in the late 19th century. The work delves into various narratives set in different periods, intertwining themes of love, moral struggles, and social issues within its rich historical backdrop. Notably, the collection begins with ""Carinus,"" which introduces characters like the aging senator Mesembrius and his daughters, exploring the contrast between personal virtues and the moral decay of society during the Roman Empire.  The opening of ""Novellák"" presents the aged senator Mesembrius living in the countryside away from the intrigues of Rome, burdened by the shame associated with his daughter Glyceria's disreputable lifestyle. The narrative shifts around his second daughter, Sophronia, who is virtuous and secretly embraces Christianity amidst the chaos around her. As various young patricians seek Sophronia's hand in marriage, the story is set against the backdrop of Rome's societal decadence, exploring themes of love, reputation, and the trials faced by those striving for integrity amid moral decay. (This is an automatically generated summary.)",3
Eppur si muove – És mégis mozog a föld (2. rész): Regény,"Jókai, Mór","""Eppur si muove – És mégis mozog a föld (2. rész)"" by Mór Jókai is a novel written in the late 19th century. The narrative centers around themes of love, aspiration, and the interplay between artistic ambition and societal norms, focusing on characters such as Kálmán and Cziliké as they navigate their intertwined destinies amidst the rich tapestry of Hungarian life and culture.   The opening of the novel introduces readers to a celebratory atmosphere following the consecration of a new church built by Kálmán's deceased aunt, a testament to her faith. Kálmán, alongside his friends Bányaváry and Cziliké, opts for a more adventurous day, planning to climb a nearby mountain instead of attending the religious ceremony. As they ascend, they engage in humorous banter and profound discussions reflecting on life, art, and the beauty of the Hungarian landscape. The scene captures a moment of youthful exuberance and camaraderie, setting a vibrant and philosophical tone for the unfolding story. (This is an automatically generated summary.)",3
Degré Alajos novellái (3. kötet),"Degré, Alajos","""Degré Alajos novellái"" by Alajos Degré is a collection of short stories written in the mid-19th century. The work features a variety of characters, with the main focus on Füzesy Ernő, a prominent figure in Pest's fashionable society, as he navigates through life, relationships, and the expectations placed upon him by his father and circumstances.  The opening of the collection introduces readers to Ernő as he reflects on his past and returns to the countryside to manage his inheritance. Overcoming his reluctance, Ernő begins to imbue his estate with life and beauty, converting the neglected property into a vibrant garden and home. Yet, despite his external success and efforts to socialize, he struggles internally with feelings of isolation and seeks deeper connections beyond mere superficial pleasantries, setting the stage for his interaction with the world and the relationships that will unfold throughout the narrative. (This is an automatically generated summary.)",3
Magyar népballadák (Magyar remekirók 55. kötet),"Endrődi, Sándor","""Magyar népballadák"" by Sándor Endrődi is a collection of Hungarian folk ballads compiled in the early 20th century. This anthology gathers a variety of traditional narrative songs, reflecting the rich history and cultural significance of Hungarian folklore. The collection likely includes themes of love, tragedy, and heroism, often centered around characters from Hungarian history or folklore, exemplifying the depth of emotional and historical storytelling inherent in these ballads.  The opening portion introduces the historical context of Hungarian folk ballads, noting the previous lamentation regarding the scarcity of epic songs in Hungarian poetry prior to the late 19th and early 20th centuries. It mentions key figures in the collection process, highlighting their contributions to the preservation and revival of this art form. Furthermore, it emphasizes the rich, dramatic qualities of the ballads, described as compact and vigorous, often dealing with intense topics such as betrayal, love, and historical events. The introduction sets the tone for the subsequent ballads, which are filled with cultural resonance and deep emotional currents. (This is an automatically generated summary.)",3
Magyarhon szépségei; A legvitézebb huszár,"Jókai, Mór","""Magyarhon szépségei; A legvitézebb huszár"" by Mór Jókai is a novel written in the late 19th century. The book intertwines a poetic appreciation for the beauty of Hungary with historical elements, focusing particularly on regions like Balaton and its surroundings. It reflects on the landscape and culture, possibly including the adventures of its main character, likely a representative figure of Hungarian nobility or patriotic sentiments.  At the start of the novel, the narrator expresses deep admiration for the beauty of the Balaton region, likening it to a charming bride revealing her delights. The text paints vivid pictures of the landscapes traversed, comparing the flat plains to an unadorned mother and the mountains of Transylvania to a proud fairy. The narrator recounts historical anecdotes related to local landmarks, such as ancient castles and battles against the Ottoman Turks, blending folklore with observations of nature. Overall, the opening establishes a nostalgic and romantic view of Hungary's cultural and historical significance, while engaging with the social and environmental issues of the time. (This is an automatically generated summary.)",3
Kárpáthy Zoltán: Regény,"Jókai, Mór","""Kárpáthy Zoltán: Regény"" by Mór Jókai is a novel written in the late 19th century. The narrative revolves around themes of national pride, cultural aspirations, and personal connections as it traces significant events, particularly the foundation of a national theater in Pest. The protagonist, Kárpáthy Zoltán, appears to be woven into the social and cultural fabric of the time, and his storyline hints at heartwarming and challenging interactions with characters from various societal strata.  The opening of the novel introduces a poignant celebration as the people of Pest gather for a unique national holiday, which is highlighted by the opening of the national theater. The descriptions of individuals—both the hopeful creators and skeptical observers—set the stage for exploring their aspirations and identities within the burgeoning cultural landscape. The scene transitions from the festive atmosphere of the theater's opening to the lavish gathering at the home of the affluent Kőcserepy family, where societal dynamics play out through encounters between various characters, including Kárpáthy Zoltán and members of the Kőcserepy family. The beginning captures an intersection of joy, fear of failure, and the intricate dance of social status, setting a rich context for the unfolding story. (This is an automatically generated summary.)",3
Az Atlasz-család,"Csiky, Gergely","""Az Atlasz-család"" by Gergely Csiky is a novel written in the early 20th century. The story revolves around the life and ambitions of the Atlasz family, particularly focusing on the character of Atlasz Samu, a wealthy landowner struggling with the societal pressures and expectations tied to his newfound fortune and status. The plot seems to explore themes of family dynamics, class struggles, and the significance of legacy in the context of Hungarian society.  At the start of the novel, the elderly Atlasz Samu and his wife Rozália are preoccupied with planning a surprise gift for their son Sándor's name day. Their discussions reveal a blend of their social standing—a wealthy landowner appreciating the finer things in life, yet reflecting on their origins. Sándor returns from a trip with a surprise of his own, stating his intention to marry Boglár Klára, which elicits strong reactions from his parents due to their concerns regarding her background. The opening sets the stage for a familial conflict grounded in tradition versus modern aspirations, hinting at deeper societal questions about class and acceptance. (This is an automatically generated summary.)",3
Életemből (I. rész): Igaz történetek. Örök emlékek. Humor. Utleirás.,"Jókai, Mór","""Életemből (I. rész)"" by Mór Jókai is a reflective autobiographical account written in the late 19th century. The work captures the author's reminiscences of significant historical events in Hungary, particularly focusing on the revolution of 1848 and the socio-political climate of the time. Jókai, as a prominent figure in the literary and political landscape of Hungary, delves into the struggles of his generation and the aspirations of the Hungarian people for self-determination and reform.  The opening of the narrative presents Jókai reflecting on his past, recounting the transformations in Hungarian society over the previous fifty years and examining the socio-political structures that defined it. He evokes the spirit of the March 15th revolution, emphasizing the urgency for reform and the collective will of the Hungarian youth to fight for national rights. As he introduces key figures, including the poet Petőfi, the text serves both as a historical document and a personal meditation on the intertwining of his life with the fate of his nation, setting the tone for a profound exploration of identity, struggle, and artistic purpose in a tumultuous era. (This is an automatically generated summary.)",3
Régi magyar vitézi énekek és elegyes dalok (2. kötet),"Thaly, Kálmán","""Régi magyar vitézi énekek és elegyes dalok (2. kötet)"" by Kálmán Thaly is a collection of historical songs and poems compiled from original manuscripts and scattered printed materials from the 16th, 17th, and 18th centuries. This work likely reflects the cultural and social themes of early modern Hungary, exploring the lives of its people, their valor, love, and communal experiences.   The opening of this collection introduces various folk songs that portray the daily lives, customs, and emotions of Hungarian people through witty and poignant lyrics. It touches on themes such as love, social commentary on the customs of different regions, and the humorous depiction of rural life, showcasing characters like the clever peasant and the lovesick young man. Each piece reflects a rich tapestry of Hungarian tradition and sentiment, inviting readers to appreciate the cultural heritage embedded in these verses. (This is an automatically generated summary.)",3
Az oszlopbáró: Regény,"Tolnai, Lajos","""Az oszlopbáró: Regény"" by Lajos Tolnai is a novel written in the late 19th century. This work is set in Budapest and follows the life of Sándor Ilyés, who embarks on a journey marked by family struggles, social status, and education. The narrative hints at the themes of class distinction as well as personal development through the protagonist's interactions with the aristocracy, particularly focusing on Ádám báró and his mother, as well as their relationships with those from different social backgrounds.  The opening of the novel introduces Sándor Ilyés's humble beginnings, reflecting on memories of his once prosperous family through the eyes of his caring yet hardworking mother. As Sándor prepares for a new chapter in his life, aiming to attend school in Öreg-Telek, he grapples with feelings of longing for his family's past and anxiety about the future. The atmosphere is enriched with familial love, life lessons from his parents, and a mix of hope and despair as they confront their social realities. Notably, Sándor's spirit shines through as he expresses determination to rise above his circumstances while forming connections with the affable Ádám báró, foreshadowing the intertwining fates of their disparate lives. (This is an automatically generated summary.)",4
Thury Zoltán összes művei (3. kötet): A kapitány és egyéb elbeszélések,"Thury, Zoltán","""Thury Zoltán összes művei (3. kötet)"" by Zoltán Thury is a collection of literary works likely written in the early 20th century. This volume includes the story ""A Kapitány"" and other tales that delve into the complexities of family dynamics, societal norms, and the struggles of individual characters amidst their circumstances. The narratives explore themes such as heritage, personal ambition, and the clash between old traditions and modernity.  At the start of the collection, we are introduced to the Gócs family, a lineage with a rich and varied background, consisting of both prosperous and impoverished branches. The family dynamics become evident through the interactions at Bódog úr's funeral, revealing tensions between the distinct members during their time of grief. As relatives gather to mourn and assess their inheritance, the story features characters such as the soldier Kapitány és Gruber lány, who navigate their personal and familial conflicts. The protagonist, the young girl, shows emotional resilience as she navigates the chaotic atmosphere and reflects on the nature of her relatives’ grief while formulating her own identity in the face of adversity. (This is an automatically generated summary.)",4
A nagy háboru anekdotakincse,"Nagy, Endre","""A nagy háború anekdotakincse"" by Endre Nagy is a collection of anecdotes written in the early 20th century, specifically around the time of World War I. The work captures the humor and human experience of war, exploring the absurdities and challenges faced by soldiers and civilians alike during this tumultuous period. The anecdotes reflect various characters, from soldiers to civilians, highlighting their resilience, camaraderie, and the surreal elements of life during wartime.  The opening of this collection introduces themes of humor amid the harsh realities of war. It begins with a preface that contemplates the presence of humor in the midst of suffering and death, establishing a tone that combines reflection with wit. The narrator presents various scenes of life as soldiers prepare for war, emphasizing the complex emotions of those involved, including moments of intimacy and shared experiences, from conversations on public transport to preparations for enlistment. The anecdotes vary in perspective, from the jovial spirit of soldiers and their loved ones to the ironic commentary on the absurdity of circumstances they find themselves in, effectively setting the stage for the rest of the collection. (This is an automatically generated summary.)",4
Kék mesekönyv : $b A világ legszebb meséiből,"Benedek, Elek",,4
Apró regények és esetek,"Szemere, György","""Apró regények és esetek"" by György Szemere is a collection of novellas written in the early 20th century. This work presents various short narratives that delve into the lives and experiences of characters within a rich Hungarian backdrop, often intertwining themes of love, duty, and the societal changes of the time.  The opening of the collection introduces a village in turmoil as a rider shouts ""They are coming!""—a proclamation that signals an impending event that grips the community. Among the characters is Ráskay Balázs, a high school student who, immersed in studying Virgil, is suddenly drawn away from his studies by the escalating excitement outside. The narrative swiftly evolves into a depiction of the village coming together in celebration, with its people, young and old, preparing for a recruitment for the military led by the local nobleman, Ráskay Gáspár, highlighting themes of patriotism and community spirit in the face of conflict. The reader can sense the blend of personal and communal stakes, setting the tone for the stories to come within this intriguing collection. (This is an automatically generated summary.)",4
Fráter György: Történelmi regény (1. rész),"Jókai, Mór","""Fráter György: Történelmi regény (1. rész)"" by Mór Jókai is a historical novel written in the late 19th century. It captures the pageantry and intrigue of a bygone era by following the journey of the young and courageous protagonist, György Martinuzzi, who is a soldier for Prince Corvin János. The narrative explores not only the valiant actions of its characters but also dives into the complexities of court politics, war spoils, and societal norms of the time.  The opening of the novel introduces us to the bustling atmosphere of Buda Castle, where a contingent of soldiers arrives with a convoy filled with spoils from a victorious war against the Turks. György, a young officer serving under Prince Corvin, is anxious to present their captured treasures to the king and queen. The chapter unfolds with detailed descriptions of the soldiers and their equipment as they navigate the castle’s gates and encounter a series of humorous and significant moments that reflect their camaraderie. However, György's triumph quickly turns sour when his display of captured Turk heads incites the anger of the queen, leading to his abrupt dismissal from the royal presence. The narrative sets forth on an exciting historical journey, blending humor, drama, and rich descriptions of its setting. (This is an automatically generated summary.)",4
Huckleberry Finn kalandjai,"Twain, Mark","""Huckleberry Finn kalandjai"" by Mark Twain is a novel first published in 1884-1885. Young Huck Finn escapes his abusive father and fakes his own death, then flees down the Mississippi River on a raft with Jim, an enslaved man seeking freedom. Their journey brings dangerous encounters with con men, feuding families, and moral dilemmas as Huck struggles between society's rules and his own conscience. Set in pre-Civil War Missouri, this groundbreaking work combines adventure with sharp social satire. (This is an automatically generated summary.)",4
Gróf Gvadányi József és Fazekas Mihály (Magyar remekirók 6. kötet),"Gvadányi, József, gróf, Fazekas, Mihály","""Gróf Gvadányi József és Fazekas Mihály"" is a literary collection written in the early 20th century. This volume belongs to a series that explores significant works in Hungarian literature, focusing specifically on the lives and contributions of Gvadányi and Fazekas. The book likely delves into the historical and cultural context of their works, along with discussions of their impact on Hungarian literature and society.  The beginning of this collection offers insight into Gróf Gvadányi József, illustrating his prominent role in the 18th century as both a soldier and a poet. The text highlights Gvadányi's military background, detailing his experiences in various wars and his eventual transition into writing. His journey from a soldier to a respected literary figure is contextualized within the socio-political landscape of Hungary during his lifetime. The opening also hints at Gvadányi's deep connection to Hungarian culture and identity, suggesting that the subsequent chapters will explore his literary legacy and how it reflects the connections between nationalism and the arts in Hungary. (This is an automatically generated summary.)",4
Cognac-idillek : $b novellák,"Kóbor, Tamás","""Cognac-idillek: novellák"" by Tamás Kóbor is a collection of short stories written in the early 20th century. The book delves into the intricate dynamics of human emotions and relationships, exploring themes of loneliness, regret, and existential reflection. It features characters grappling with their own thoughts and feelings, often in a dialogue with themselves or personified aspects of their psyche.  The opening portion introduces the reader to a protagonist who is unable to sleep, consumed by a whirlwind of thoughts and introspection. He engages in a dialogue with a strange figure—identified as a ""dog-headed"" man—who serves as a manifestation of his inner conflicts and self-critique. This character challenges the protagonist's perceptions of himself, probing into his solitude, desires, and failures, ultimately reflecting deeper themes of guilt and the human condition. As the protagonist grapples with these thoughts, he also expresses a longing for connection and understanding, providing a captivating glimpse into the themes that may unfold throughout the collection. (This is an automatically generated summary.)",4
Abafi : $b regény,"Jósika, Miklós, báró",,4
Balgatag szerelem: Elbeszélések,"Oláh, Gábor","""Balgatag szerelem: Elbeszélések"" by Gábor Oláh is a collection of short stories written in the early 20th century."" The narratives explore themes of love and desire, often through complex relationships involving the main characters, who find themselves entangled in emotional turbulence and jealousy. Set against a backdrop of a sanatorium, the longing and heartache resonate with readers who appreciate introspective storytelling.  The opening of this work introduces a contemplative atmosphere, where the narrator finds himself on the terrace of a grand sanatorium, surrounded by beautiful but melancholic scenery. As he observes the evening's enchanting colors and the haunting beauty of a sorrowful woman nearby, he reflects on his isolation and proximity to death. Soon, he becomes enthralled by a new arrival—a mysterious and alluring young woman named Laura, a doctor in training. Their subsequent interactions reveal a budding connection shadowed by romantic turmoil, jealousy, and the complexities of unrequited love, laying the groundwork for deeper explorations of these themes in the stories to come. (This is an automatically generated summary.)",4
Magyar élet: Elbeszélések,"Bársony, István","""Magyar élet: Elbeszélések"" by István Bársony is a collection of short stories written in the late 19th century. The work likely explores various aspects of Hungarian life and culture, providing readers with vivid depictions of characters and their interactions in everyday situations. It delves into themes of love, social dynamics, and the subtleties of relationships against a richly described backdrop of Hungarian society.  At the start of this collection, we are introduced to a charming scene set in an afternoon, where a diligent student is reciting his Latin lessons outside a large house. The narrative then shifts focus to a young girl, Jolánka, who secretly receives a love letter while tending to flowers in the garden. The letter conveys a passionate plea from a boy named Géza, who is desperately longing to see her before he is sent away for a week. This initial setup not only hints at the romantic entanglements and societal pressures surrounding the characters but also sets the stage for the unfolding drama influenced by the larger social expectations and familial duties that will play a vital role throughout the stories. (This is an automatically generated summary.)",4
"Enyim, tied, övé (2. rész): Regény","Jókai, Mór","""Enyim, tied, övé (2. rész)"" by Mór Jókai is a novel written in the late 19th century. The story delves into themes of loss, love, and the intertwining fates of its characters, particularly focusing on the lead character Incze, who navigates a complex emotional landscape following a tragic train accident that results in a familial death.  At the start of the novel, we meet Incze, who is grappling with weariness from his travels and the haunting thoughts of his lost loved one, Serena. As he travels through scenic regions, he notices a young woman whom he finds beautiful but is reminded of his loss. Following a train accident, he finds himself compelled to assist a gräfinné, a grieving woman named Hanna, whose brother has perished in the crash. The narrative establishes a sense of tension as Incze's feelings of guilt and grief clash with the sorrow expressed by Hanna while introducing the backdrop of societal and personal turmoil that will shape their ensuing interactions. (This is an automatically generated summary.)",4
Színházi esték,"Ambrus, Zoltán","""Színházi esték"" by Zoltán Ambrus is a collection of theater criticism published in 1914. This 400-page volume gathers the Hungarian writer's reviews of world drama premieres in Hungary, written over approximately twenty years starting in 1882. The collection spans works from Sophocles' ""Oedipus Rex"" to early 1910s productions, focusing exclusively on foreign playwrights. Ambrus applies rigorous standards to classics and contemporary pieces alike, wielding irony as his sharpest weapon while seeking truth in characterization and dialogue, unafraid to challenge popular opinion or deflate false reputations. (This is an automatically generated summary.)",4
A magyar népköltés gyöngyei: A legszebb népdalok gyüjteménye,"Benedek, Elek","""A magyar népköltés gyöngyei: A legszebb népdalok gyüjteménye"" by Elek Benedek is a collection of Hungarian folk songs written in the late 19th century. This work gathers some of the most beautiful and significant pieces of Hungarian folk poetry, aiming to present the rich cultural heritage of the Hungarian people to a broader audience. The author’s goal is to make these folk gems accessible and appreciated, especially for those who may not be well-versed in their origins or artistry.  The opening portion introduces the author's intentions and rationale for compiling this collection. Elek Benedek expresses concern over the limited recognition of Hungarian folk poetry among educated individuals and the general public, despite its richness. He explains how he carefully selected songs showcasing true poetic value, which evoke strong emotions and connections to the reader. The author specifically notes the significance of themes like love and longing throughout the songs, illustrating the emotional landscape these works traverse. In addition, he highlights the inclusion of various modified versions of the songs, ensuring that readers receive the most powerful iterations of these folk treasures. (This is an automatically generated summary.)",4
Életbölcseség: Aforizmák,"Schopenhauer, Arthur","""Életbölcseség: Aforizmák"" by Arthur Schopenhauer is a philosophical treatise written in the early 20th century. The work primarily focuses on the complexities of human happiness and the nature of existence, exploring wisdom regarding the pursuit of a fulfilling and content life. Through a series of aphorisms, the author delves into what defines a happy life, emphasizing the role of individual character over external factors like wealth or social standing.  The opening of the text introduces the concept of ""életbölcseség,"" or life wisdom, which Schopenhauer describes as the art of making life as pleasant and happy as possible. He proposes that true happiness is rooted within ourselves and highlights how external validations and material possessions are ultimately transient and uncertain. The author sets a contemplative tone, recognizing the inherent value of individual character and inner fulfillment, stating that our inner lives are far more significant in determining true happiness than the variables of external circumstances, such as wealth and reputation. The foundation for his philosophical exploration is established here, signaling the depth of inquiry Schopenhauer intends to pursue throughout the text. (This is an automatically generated summary.)",4
"Vámbéry Ármin vázlatai Közép-Ázsiából: Ujabb adalékok az oxusmelléki országok népismereti, társadalmi és politikai viszonyaihoz","Vámbéry, Ármin","""Vámbéry Ármin vázlatai Közép-Ázsiából"" by Ármin Vámbéry is a travel account written in the late 19th century. The work offers insights into the ethnographic, social, and political conditions of the countries along the Oxus River, reflecting the author's firsthand experiences and observations during his travels. It likely discusses various aspects of Central Asian culture, focusing particularly on the region's mysticism and the lives of dervishes, as well as other local customs and societies.  At the start of the publication, the author shares an introduction outlining the unexpected success he encountered after releasing his previous travel narrative. He addresses the critiques he received for lacking detail and imagery, leading him to compile additional notes that would complement his earlier work. The opening also sets the tone for the discussions to follow, focusing on the unique characters he meets, particularly the dervishes, and their intriguing yet complex place in Central Asian society. The narrative paints a vivid picture of life in this region, filled with rich cultural interactions and challenging adventures, establishing a foundation for the explorations and stories that will unfold throughout the text. (This is an automatically generated summary.)",4
Vörösmarty életrajza,"Gyulai, Pál","""Vörösmarty életrajza"" by Pál Gyulai is a biographical account written in the late 19th century. The book primarily focuses on the life and formative years of Mihály Vörösmarty, a prominent Hungarian poet, exploring his background, family life, and early education. It delves into the influences that shaped him into a significant literary figure, highlighting the personal and socio-political contexts of his upbringing.  The opening of the book introduces Mihály Vörösmarty, detailing his birth in 1800 and his family's socio-economic status. His father, also named Mihály, is portrayed as a noble yet humble man, dedicated to his family and community. The narrative describes Vörösmarty's early childhood, his education, and the specific characteristics that foreshadow his future poetic talent. The text emphasizes his sensitivity and imagination, suggesting that these qualities emerged early in his life through his interactions with both family and nature, setting the stage for his literary endeavors later on. (This is an automatically generated summary.)",4
Utazás a Holdba kilenczvenhét óra és husz percz alatt,"Verne, Jules","""Utazás a Holdba kilenczvenhét óra és husz percz alatt"" by Jules Verne is a science fiction novel published in 1865. After the American Civil War ends, members of Baltimore's Gun Club devise an audacious plan to fire a cannonball directly at the Moon. When a daring Frenchman volunteers to ride inside the projectile, the president and his rival join him on this unprecedented voyage. Will the three travelers reach their lunar destination, or will fate intervene in their bold attempt to leave Earth? (This is an automatically generated summary.)",4
Vasárnapi Könyv. 1914. Első  félév 9. füzet,Various,"""Vasárnapi Könyv. 1914. Első félév 9. füzet"" by Various is a historical publication likely written in the early 20th century. The book comprises a collection of essays and articles that explore various themes pertinent to the development of industry and commerce, along with cultural and societal insights during a transformative period in history. The content focuses on the historical progression of industries, trade, and societal structures.  The main text revolves around the evolution of industry and commerce from primitive family-run production to more complex economic systems. It outlines the transition from self-sufficiency in producing essential goods to the rise of trade and markets, marking significant historical developments such as the role of enslaved labor and serfdom in production. The book further discusses how urbanization and trade fairs facilitated economic growth, portraying how ancient practices evolved into modern systems of commerce and community organization. Emphasis is placed on the importance of credit and societal morals in fostering economic conditions conducive to national prosperity, particularly highlighted in the context of Hungary’s societal evolution in the 19th and early 20th centuries. (This is an automatically generated summary.)",4
Eppur si muove – És mégis mozog a föld (1. rész): Regény,"Jókai, Mór","""Eppur si muove – És mégis mozog a föld (1. rész)"" by Mór Jókai is a historical novel written in the late 19th century. The narrative seems to dive into themes of intellectual struggle and the clash between progress and tradition, focusing on the experiences of pioneering characters who challenge the status quo in Hungary.   The opening of the novel introduces the author’s reflections about the stagnation of Hungary compared to other nations that are advancing in various aspects. Jókai expresses admiration for historical figures who fought for progressive ideals despite facing considerable odds. He sets the stage for a protagonist—likely a restless thinker—who seeks to inspire change amidst a backdrop of cultural inertia. The narrative begins with a nod to Galileo's famous declaration, drawing parallels to Hungary’s own inertia, and establishes a tone of nostalgia and yearning for a vibrant, forward-moving society, presenting a deep exploration of the National identity and its past struggles. (This is an automatically generated summary.)",4
A fekete vér; Lenczi fráter,"Jókai, Mór","""A fekete vér; Lenczi fráter"" by Mór Jókai is a historical novel written in the late 19th century. The narrative begins amid a cholera epidemic, referred to ominously as the ""black woman,"" which leads to societal disruptions, fear, and a peasant uprising against the nobility. The story centers on a baron, Lenke Lőrincz, and his wife, Anna, as they navigate the chaos brought about by the epidemic and the ensuing rebellion.  The opening of the novel introduces the dark backdrop of the cholera outbreak that has led to mass fear and unrest. As villages and cities desperately try to contain the spread, the blame shifts towards the powerful. The baron is called away to quell a rebellion that threatens his estate, leaving his pregnant wife vulnerable to the uprising. Amid the turmoil, Anna's plight is intertwined with the fate of the rebellious peasants, setting the stage for their struggles and interactions in the face of calamity. As fear escalates and violence erupts, the story hints at deep personal and societal conflicts which are likely to unfold in subsequent chapters. (This is an automatically generated summary.)",4
Figurák. (Furcsa emberekről furcsa históriák.),"Gárdonyi, Géza","""Figurák. (Furcsa emberekről furcsa históriák.)"" by Géza Gárdonyi is a collection of stories likely written in the late 19th century. The work includes a variety of peculiar characters and their strange histories, illustrating the unique and often humorous aspects of human nature. Through a blend of fiction and wit, Gárdonyi seeks to capture the essence of oddity in society, engaging readers with both laughter and reflection.  The opening of the collection begins with an introduction by Mikszáth Kálmán, who expresses a fondness for the author and explains the significance of the book's origins in Szeged. It sets the stage for a narrative framed around whimsical tales, hinting at characters like Adam and Eve, described in a humorous light, as well as other distinctive figures that punctuate the subsequent stories. This section establishes a playful tone and showcases Gárdonyi's talent for mixing lighthearted banter with deeper philosophical musings, inviting readers to explore the curious world of his characters. (This is an automatically generated summary.)",4
A kőszivű ember fiai (1. rész): Regény,"Jókai, Mór","""A kőszivű ember fiai (1. rész): Regény"" by Mór Jókai is a novel published in 1869. A tyrannical nobleman dies after dictating his family's future, but his widow defies his final wishes. She brings her three sons home to join the Hungarian revolution of 1848-49, setting them on paths of romance, battle, and sacrifice. As the freedom struggle unfolds, brothers fight for independence while facing betrayal, imprisonment, and impossible choices that will test their loyalties and courage. (This is an automatically generated summary.)",4
Két város: Regény három könyvben,"Dickens, Charles","""Két város: Regény három könyvben"" by Charles Dickens is a historical novel published in 1859, set in London and Paris during the French Revolution. The story follows Dr. Alexandre Manette, imprisoned for eighteen years in the Bastille, and his reunion with his daughter Lucie. Against the backdrop of revolutionary violence and social upheaval, their lives become intertwined with Charles Darnay, a French aristocrat fleeing his family's brutal legacy, and Sydney Carton, a dissolute lawyer harboring unrequited love. As the Terror escalates, their fates converge in unexpected ways. (This is an automatically generated summary.)",4
Erdély aranykora: Regény,"Jókai, Mór","""Erdély aranykora: Regény"" by Mór Jókai is a historical novel written in the late 19th century. The book is set in the vibrant and tumultuous backdrop of 17th century Transylvania, exploring themes of adventure, valor, and romance. Key characters include a formidable nobleman, his spirited niece, and various members of the hunting party, setting the stage for a narrative filled with passion and conflict.  The opening of the novel vividly describes a hunting scene in the lush Transylvanian wilderness. As the sun rises, a group of hunters prepares for a day of sport, while the landscape teems with wildlife. Among them is a strong nobleman who leads the expedition, accompanied by two vibrant characters: a gentle young knight and a courageous young woman. Tensions arise as they set forth into the dense forest, suggesting a complex interweaving of personal dynamics and the broader conflicts of the time. The writing reflects both the beauty of nature and the gravity of the characters' tasks ahead, establishing an engaging atmosphere filled with anticipation. (This is an automatically generated summary.)",4
Van még új a nap alatt : $b Elbeszélések,"Jókai, Mór","""Van még új a nap alatt: Elbeszélések"" by Mór Jókai is a collection of short stories written in the early 20th century. The book presents a range of tales that appear to focus on everyday lives, personal virtues, and social issues, often set against Hungarian backdrops and featuring a diverse cast of characters. Likely topics include the intricacies of domestic life, questions of morality, and nuanced observations of society, with particular attention to the ways individuals navigate love, duty, and reputation.  The opening of ""Van még új a nap alatt"" introduces several distinct vignettes. First, we follow the lonely life of a doctor's wife on Svábhegy, isolated due to her husband’s precautions and his strict, unyielding nature, until the mysterious ""Swedish baron"" and the cultivation of rare roses bring subtle changes to her world. This story explores themes of loneliness, small acts of rebellion, and the longing for beauty. The next section, ""A szív törvénye,"" shifts to political and social commentary during Hungary's push for military reform, focusing on parliamentary debates and the private lives of politicians, especially the character ""Malleus"" and his untraditional family. A further story, ""Unica,"" transports the reader to New York, following the remarkable journey of a former revolutionary and his wife, who become performers and raise their daughter in secrecy. Together, these beginnings showcase Jókai’s skill in blending personal fates with broader societal issues, marked by empathy, irony, and colorful characterization. (This is an automatically generated summary.)",4
Két mosoly,"Karinthy, Frigyes","""Két mosoly"" by Frigyes Karinthy is a fictional narrative likely written in the early 20th century. The work delves deeply into complex themes, particularly focusing on the nature and perceptions of women, intertwining personal reflections with broader societal critiques. The narrative engages with characters that embody and challenge the gender stereotypes of the time, reflecting the author's intricate thoughts and profound emotions regarding love, identity, and the human experience.  The opening of ""Két mosoly"" presents a compelling examination of feminine identity through a protagonist who contemplates the nature of women as represented in dramatic works by authors like Strindberg. The protagonist expresses a mix of admiration and fear towards a woman he describes as both enchanting and dangerous, illustrating the conflicting perceptions men have about women. He captures a transformative moment of realization, suggesting that the essence of true womanhood transcends the stereotypes associated with female characters in literature. This initial portion sets the stage for a deeper exploration of the themes of love, feminism, and personal awakening, engaging readers with its emotional intensity and philosophical depth. (This is an automatically generated summary.)",4
A pénz legendája; Gányó Julcsa,"Justh, Zsigmond","""A pénz legendája; Gányó Julcsa"" by Zsigmond Justh is a novel likely written in the late 19th century. The story introduces Belényesy Mária grófnő, whose social status and familial expectations heavily influence her pursuit of love and financial security. The narrative unfolds amidst the backdrop of Hungarian aristocracy, exploring themes of wealth, marriage, and societal norms.  The opening of the novel sets the stage for Mária's internal conflict and her relationships with her family. She reflects on her mother's financial counsel regarding her potential suitor, Bálványosy Sándor, a man of considerable wealth. As Mária navigates the world of high society, she grapples with her feelings toward Sándor, balancing her mother's ambitions with her desire for genuine emotion. The passage reveals her sarcastic and observant nature, juxtaposing lavish social gatherings with her insecurities about love and identity, hinting at a deeper philosophical exploration of the interplay between money and personal happiness. (This is an automatically generated summary.)",4
A menekülő Élet,"Ady, Endre","""A menekülő Élet"" by Endre Ady is a poetry collection written in the early 20th century. This seminal work captures the essence of human experience through a series of evocative verses that reflect on themes of life, death, love, and the existential struggles of the soul. Ady’s introspective style and rich imagery invite readers into a world where personal and universal truths intersect, making his reflections on humanity deeply impactful.  At the start of the collection, the poet meditates on the nature of life itself, portraying it as an entity that actively pursues individuals, mirroring an almost predatory dance between existence and mortality. Through a series of stanzas, he vividly illustrates how life propels individuals forward, often against their will, while the ever-present specter of death looms in the background as a casual visitor. Ady writes with a sense of urgency and a blend of melancholy, prompting readers to consider their own journeys through life and the inevitability of their conclusions. This opening sets the tone for an exploration that is both personal and philosophical, beckoning readers to ponder the deeper meanings behind their experiences. (This is an automatically generated summary.)",4
Egy magyar nábob (1. rész),"Jókai, Mór","""Egy magyar nábob (1. rész)"" by Mór Jókai is a novel set during the Hungarian Reform Era of the 1820s. When a dissolute young Parisian heir travels to claim his inheritance from an eccentric Hungarian nobleman, their disastrous first meeting ignites a bitter family feud. Meanwhile, parallel stories unfold: a bored aristocrat makes a dangerous wager, theatrical rivalries erupt in violence, and a scheming spendthrift pursues an innocent young woman for sinister reasons. As these threads converge toward a legendary nameday celebration, honor and revenge hang in the balance. (This is an automatically generated summary.)",4
Kálozdy Béla: Regény (2. kötet),"Beöthy, Zsolt","""Regény (2. kötet)"" by Zsolt Beöthy is a novel written in the late 19th century. This narrative appears to center around the small town of Kálozdy, exploring themes of societal dynamics, justice, and human relationships. The story unfolds primarily through the interactions of various characters, particularly focusing on figures such as the local judge and the rektor, who are caught in a web of intrigue that alludes to deeper societal issues.  At the start of the novel, the scene is set at the popular tavern ""Vörös Bika,"" where the characters gather amid a bustling market day. The tavern, described in a somewhat dilapidated state, serves as the backdrop for the unfolding drama surrounding the disappearance of the local rektor, which sparks concern among the villagers. Key characters discuss their efforts to locate the missing man while revealing the intricate relationships and tensions within the community. The dialogue hints at court intrigues and underlying issues that relate to justice and morality—suggesting that the narrative will delve into the complexities of human behavior amid the pressures of society. (This is an automatically generated summary.)",4
